stock_id,eps,pe,roa,roe,best_effective,p_on_b,stock_at_btm,debt_ratio,best_value,beta,on_bal_vol_ratio,best_surf,avg_strength
QCG,69.3%,75.2%,57.8%,55.8%,4,65.3%,7.2%,30.4%,2,92.2%,95.2%,5,60.9%
HMC,89.6%,95.3%,76.8%,84.2%,5,66.6%,18.4%,36%,3,9.3%,71.1%,3,60.8%
IMP,83%,47.5%,72.9%,46.9%,4,37.4%,55.1%,77.4%,3,60.3%,66.5%,4,60.8%
NCS,75.7%,46%,95.9%,95%,4,29.6%,40.5%,72.7%,3,37.2%,55%,3,60.8%
MLN,52.3%,97.8%,41.4%,43.6%,3,97.2%,77.2%,41.5%,4,35.5%,59.4%,3,60.7%
IFS,65.9%,84.2%,95.1%,95.2%,5,34.2%,23.6%,53.3%,2,68.4%,26.8%,3,60.7%
VPB,92.8%,60.2%,45.7%,86.6%,4,30.3%,15%,28.6%,2,88.4%,98.2%,5,60.6%
SBT,53.6%,47.9%,43.2%,40%,3,45.1%,83%,41%,3,92.8%,99.1%,5,60.6%
VC2,74.6%,81.2%,35%,57%,4,74.5%,79.1%,20.6%,3,57.3%,66.2%,4,60.6%
DHP,65%,73.5%,66.1%,46.2%,4,72.8%,35.7%,57.2%,3,68.2%,59.7%,4,60.5%
TVM,61.8%,95%,45%,64.3%,4,94.5%,78%,29.6%,4,51.1%,25.3%,2,60.5%
PLX,82.9%,43.3%,68.4%,74.5%,4,28.5%,13.4%,43.4%,2,95.9%,93.7%,5,60.4%
SSI,73.7%,47.2%,63.5%,56.4%,4,35%,11.3%,58.3%,2,98.4%,99.5%,5,60.4%
STP,46.7%,63%,33%,22.9%,3,94.3%,70.6%,85.3%,5,77.9%,49.8%,4,60.4%
DCS,33.5%,37.6%,13.7%,10.7%,2,98.6%,87.4%,92.7%,5,80.7%,89%,5,60.4%
CMG,81.6%,67.7%,71.3%,75.9%,4,43.5%,9.7%,46.2%,2,57.9%,88.9%,4,60.3%
GSM,71.6%,85.7%,76.6%,68.4%,4,63.2%,50.2%,30.2%,3,25.6%,71.6%,3,60.3%
TDN,54.1%,85.5%,44.5%,44.6%,3,86.3%,42.7%,19.9%,3,85.5%,80.1%,5,60.3%
SD6,60.1%,82.8%,43.6%,44.2%,3,82.6%,52%,28.7%,3,79.2%,69.9%,4,60.3%
NHP,34.3%,39.5%,19.8%,15.7%,2,98.5%,93%,59.5%,5,94.9%,86.5%,5,60.2%
PSC,76.6%,78.7%,68.6%,63.5%,4,62%,23.1%,29.4%,2,96.8%,42.7%,4,60.2%
TPH,50%,67.6%,52.3%,37.3%,3,80.9%,80.2%,79.6%,5,75.4%,18.3%,3,60.2%
CMT,59.9%,73.2%,47.4%,35.3%,3,84.7%,65.3%,63.7%,4,64.7%,46.5%,3,60.1%
CTI,79.9%,56.5%,54.5%,58%,4,41.4%,37.9%,42%,3,76.1%,92.8%,5,59.9%
NHC,92.1%,78.4%,95.9%,84.8%,5,39.1%,28.2%,83.2%,3,0.2%,37.6%,1,59.9%
STG,92.4%,95.1%,97.9%,95.1%,5,53.8%,71.1%,72.6%,4,89.7%,83.2%,5,83.4%
HAH,91.4%,96.6%,88.8%,78.9%,5,75.5%,88.9%,63.9%,4,77.1%,83.4%,5,82.7%
TLH,89.2%,98%,89.4%,86.4%,5,77%,66.9%,49.7%,4,86.3%,94%,5,81.9%
KSB,95.1%,84.9%,96.6%,95.3%,5,34.3%,81.4%,77.1%,4,82%,89.7%,5,81.8%
SWC,97.4%,99.2%,99.7%,96.7%,5,70.1%,48.6%,90.1%,4,47.1%,81.5%,4,81.2%
SKG,88.6%,80.9%,97.7%,86.3%,5,41.6%,67.7%,92%,4,87.9%,86.3%,5,81%
NNC,98.4%,91.8%,99.4%,96.4%,5,35.4%,82.2%,83.8%,4,63.3%,73.6%,4,80.5%
BMP,94.8%,63.1%,94.1%,80.5%,5,34.7%,79.3%,87.3%,4,92%,92.5%,5,79.8%
S55,93.1%,95.6%,78.7%,74.7%,5,92.2%,83.4%,59.5%,4,66.7%,73.6%,4,79.7%
ABC,99.5%,99.5%,99.9%,98.1%,5,82.3%,75.1%,80.8%,4,12.2%,70.1%,3,79.7%
TRC,92.7%,89.8%,79.2%,52.6%,4,82.5%,77%,85.8%,5,79.1%,75%,4,79.3%
CTP,74.5%,94.2%,86.8%,68.2%,5,76.9%,71.6%,76.6%,4,86.8%,77.3%,5,79.2%
KKC,85.1%,96%,90.4%,80.9%,5,71.4%,77.7%,78.7%,4,61.5%,70.3%,4,79.1%
DHA,89.7%,81.3%,92.9%,73.3%,5,50.2%,75.1%,92.6%,4,76.2%,79.6%,4,79%
CSC,95.8%,96.6%,97.2%,97.6%,5,59.3%,74.1%,55.5%,4,56.6%,75.3%,4,78.7%
WCS,99.9%,86.9%,98.1%,90.9%,5,41.6%,79.4%,84.1%,4,77%,48.5%,4,78.5%
NDF,61%,98.4%,81.4%,55.5%,4,95.8%,55.7%,85.8%,4,80.5%,87.2%,5,77.9%
C32,96.4%,91.6%,88.4%,83.7%,5,53.6%,62%,58.1%,3,79.4%,86.7%,5,77.8%
PVB,81.4%,88.9%,90.7%,69.3%,5,67.8%,25.8%,91.4%,4,95.5%,89.5%,5,77.8%
TCL,92.3%,89.3%,87.6%,72.4%,5,64.3%,79.9%,80.6%,4,74.5%,56.4%,4,77.5%
SLS,99.7%,96.7%,96.3%,97.1%,5,45.6%,71.9%,45.4%,3,68.9%,70.1%,4,76.9%
TTT,97.5%,76.5%,97%,83.3%,5,67.6%,39.3%,92.3%,4,71.8%,66.5%,4,76.9%
VSC,92.6%,76.7%,88.3%,72.8%,5,57%,65.8%,67.1%,4,80.3%,88.9%,5,76.6%
DGC,93.6%,87.5%,92.8%,76%,5,36.7%,71.4%,84.5%,4,68.1%,77.5%,4,76.5%
GDT,96.6%,84.7%,98.9%,95.9%,5,32.4%,84.3%,66%,4,61.4%,67.7%,4,76.4%
DS3,54.5%,43.9%,71.9%,49.7%,3,36.3%,25.1%,77.1%,3,60.8%,90.9%,4,56.7%
ASM,53%,51.4%,46.3%,34.5%,3,51.2%,31.1%,54.1%,3,89.4%,99.1%,5,56.7%
HPD,82.4%,87.6%,77%,73.6%,5,49%,6.4%,72.5%,3,29.3%,32.7%,2,56.7%
BCG,47.4%,59.6%,36.6%,31.8%,3,85.2%,44%,47.4%,3,70.4%,87.8%,4,56.7%
HEM,78%,79.9%,84.3%,68.5%,4,55.5%,27.8%,61.7%,3,27.3%,27.2%,2,56.7%
KHP,60.5%,72.8%,40.6%,43.2%,3,75.9%,56.1%,28.5%,3,66.4%,66.1%,4,56.7%
SGH,63.4%,47%,82.2%,56%,4,34.8%,32.4%,93.9%,3,78.5%,22.4%,3,56.7%
TYA,79.1%,78.9%,75.1%,72.6%,4,51.1%,14.5%,58.3%,3,6.8%,73.8%,3,56.7%
DAH,53.4%,85.6%,54.5%,42.2%,3,85.9%,47.3%,41%,3,11%,89.6%,3,56.7%
HTE,56%,82.2%,56%,50.5%,4,77.2%,57.4%,55.5%,4,30%,45.2%,2,56.7%
ACC,80.1%,75.6%,75.7%,61.5%,4,5.5%,80.5%,69.7%,3,11.8%,48.6%,2,56.6%
PMP,83.9%,92%,68.5%,79.5%,5,59.9%,74.9%,27.3%,3,6.6%,17.1%,1,56.6%
VXB,65.3%,72.4%,53.1%,48.9%,3,69.9%,29.1%,35.6%,3,96.3%,38.9%,4,56.6%
TSC,7%,27.1%,10.5%,7.6%,1,97.8%,96.6%,77.3%,5,93.4%,92.3%,5,56.6%
CTT,67.6%,93.6%,26.6%,58%,4,82.4%,43.8%,13.2%,3,96%,27.2%,4,56.5%
IPA,80.1%,84.9%,73%,66.4%,4,66.6%,12.8%,46.9%,3,31.6%,45.9%,2,56.5%
HDG,82%,49.5%,48.8%,68.4%,4,37.5%,14.1%,53.2%,2,69.5%,84.3%,4,56.4%
TRT,41.5%,41.1%,87.9%,64.2%,3,72.2%,96.4%,38%,4,49.9%,16.5%,2,56.4%
CLW,60.8%,53.9%,47.2%,42.1%,3,53.5%,69%,38.8%,3,86.6%,54.8%,4,56.3%
ABT,79.7%,56.1%,53.2%,41.3%,3,56.7%,31.4%,57.2%,3,80.9%,49.1%,4,56.2%
CYC,40.8%,74.4%,26.8%,28.1%,3,94.1%,74.7%,25.8%,4,87.7%,53.1%,4,56.2%
CKD,84.5%,86.1%,83.6%,83.9%,5,46.1%,11.8%,46.5%,2,18.8%,44.5%,2,56.2%
LCS,79%,99%,62.3%,85.9%,5,87.4%,8.6%,20.2%,2,2.2%,61.4%,2,56.2%
VKP,50.3%,99.8%,0.9%,95.3%,4,25.4%,97.4%,23.5%,3,98.5%,13.6%,3,56.1%
SHC,51.3%,82.4%,69.1%,56.2%,4,21.5%,52.4%,48.1%,3,84.2%,39.6%,4,56.1%
HU3,74%,80.7%,49.3%,55.1%,4,74.4%,14.3%,28.7%,2,72.9%,68%,4,57.5%
VDS,57.7%,59.1%,64.1%,61.1%,4,52.2%,19.5%,56.5%,3,61.8%,84.9%,4,57.4%
PRC,78.8%,77.6%,57.5%,51.9%,4,73%,58.2%,40.1%,3,57.8%,21.8%,2,57.4%
VTS,61.3%,60.5%,59.9%,37.6%,3,78%,26.4%,81.3%,4,79.3%,31.9%,3,57.4%
QPH,77%,75.9%,81.9%,69.3%,4,54.3%,17.9%,53.6%,3,42.7%,44%,3,57.4%
WSS,42.8%,60.8%,10.9%,8.4%,2,91.1%,75.5%,93.7%,5,62.4%,70.8%,4,57.4%
ATB,42.1%,92%,25.3%,23.9%,3,99%,84.6%,41.4%,4,13.5%,93.7%,3,57.3%
VLW,60.3%,71.5%,75.1%,57.2%,4,60.3%,34.7%,71.2%,3,54.1%,31%,3,57.3%
ASP,62.5%,85.2%,46.4%,53.2%,4,74.9%,10.1%,27.1%,2,77%,78.4%,4,57.2%
DNL,32.5%,32.3%,87%,62.3%,3,66.3%,79.7%,91.4%,4,21.9%,41.4%,2,57.2%
PLC,77.3%,70.2%,57.3%,67%,4,48.9%,76%,42.7%,3,7.4%,67.8%,2,57.2%
SDT,54%,70.3%,32.5%,30.5%,3,90.8%,72.1%,33.1%,4,61.2%,70.6%,4,57.2%
VPS,71.5%,69.9%,75.4%,64.8%,4,51%,78.3%,62.2%,4,11.7%,29.4%,2,57.1%
FOX,94.9%,55.7%,88.7%,93.4%,5,28.8%,36.5%,37.3%,2,24.6%,53.9%,2,57.1%
MCH,89.9%,46.4%,90.5%,82.8%,4,28.1%,15.1%,55.4%,2,34.5%,70.1%,3,57%
DGW,75.5%,58.4%,60.9%,58.4%,4,41.8%,10.7%,41.4%,2,74.1%,92%,5,57%
KMR,39.3%,44.5%,29.2%,20.9%,2,89.3%,69.5%,62.9%,4,76.3%,81.5%,4,57%
DC1,71.9%,79%,83.9%,97.8%,5,38.2%,62.1%,24%,3,20.7%,35.3%,2,57%
LCD,71.8%,95.5%,49.7%,50.9%,4,89.8%,69.3%,32.6%,4,11.1%,42.7%,2,57%
SCR,57.4%,59.8%,43.4%,40.1%,3,64.1%,20%,35.4%,2,93.7%,99.6%,5,57%
KTL,89.7%,91.2%,67.5%,79.1%,5,54.6%,21.1%,21.5%,2,33%,54.6%,3,56.9%
HSA,98.8%,90.7%,87.1%,98%,5,30.7%,3%,35.8%,2,29.9%,37.9%,2,56.9%
SDI,98%,64.6%,82.1%,93.1%,5,29.7%,5.4%,19.6%,1,44.4%,75.2%,3,56.9%
NS3,57.4%,39.2%,96%,90.5%,4,28.9%,1.4%,77.9%,2,38.5%,81.3%,3,56.8%
GTA,71.1%,71.6%,55.3%,54.5%,4,63.1%,35%,42.4%,3,63.9%,54.3%,3,56.8%
CVN,62.8%,87%,47.8%,35.3%,3,92.4%,3%,69.4%,3,60%,81.6%,4,59.9%
PVI,80.7%,55.3%,50.9%,52%,3,48.1%,29.2%,47.1%,3,83.3%,92.4%,5,59.9%
SRC,63.8%,64.7%,58.4%,56.3%,4,50.9%,36.6%,48.6%,3,75.1%,84.7%,4,59.9%
GSP,72.4%,74%,84.2%,65.9%,4,50.7%,33.6%,81.7%,3,10.7%,64.6%,2,59.8%
FIT,47.2%,56.8%,39.3%,28.6%,3,88.5%,25.7%,74.4%,4,81.1%,96.8%,5,59.8%
TTN,64.6%,92.2%,82.6%,75.1%,4,66.2%,20.9%,41.2%,3,50.5%,44.9%,3,59.8%
S33,94.4%,90.9%,85.1%,74.6%,5,52.4%,37.6%,43.9%,3,43.6%,15.5%,2,59.8%
DVH,65.7%,85.3%,94.3%,85.6%,5,56.8%,56.5%,64.9%,3,23.5%,3.4%,1,59.6%
SZE,56.5%,69.7%,69.5%,48.2%,4,69.7%,53%,73.7%,4,47.2%,47.8%,3,59.5%
GTS,63.9%,92.6%,55.4%,58.7%,4,80.7%,83.3%,49.9%,4,25.9%,25.3%,2,59.5%
HAP,42%,55.8%,39.7%,25%,3,92.6%,51.2%,86%,4,72.7%,70.1%,4,59.4%
STC,81.7%,66.3%,85.7%,69.5%,4,42.5%,54.6%,67.9%,3,10.8%,55.9%,2,59.4%
NAP,58.4%,66.7%,78%,51.5%,4,58.1%,68.1%,80.5%,4,61.8%,11.7%,2,59.4%
DRC,66.6%,49.3%,66.2%,58.6%,4,35.7%,32.8%,42.9%,2,88.6%,92.9%,5,59.3%
KDF,76%,43.4%,89%,84.3%,4,28.2%,50.3%,60.4%,3,32.2%,69.7%,3,59.3%
HKT,40.7%,63.6%,28.4%,25.1%,2,97.3%,77.4%,68.3%,5,60.9%,72.4%,4,59.3%
PVC,37.8%,38%,31.9%,22.4%,2,90%,69.7%,56.7%,4,95%,92.5%,5,59.3%
SID,55.9%,50.7%,58.2%,33.8%,3,69.6%,62.4%,92.1%,4,45.2%,64.7%,3,59.2%
VGP,85.1%,83%,35.5%,69.9%,4,60.7%,68.5%,22.2%,3,75.2%,32.6%,3,59.2%
GTN,35.5%,34.8%,48.6%,32.3%,2,71.6%,68.6%,76.9%,4,72%,92.9%,5,59.2%
CLG,43.9%,64%,26.1%,24.3%,2,93.4%,99.1%,35.9%,4,81%,65.2%,4,59.2%
PIC,66.4%,65.8%,73.9%,63.4%,4,45.2%,39.3%,51.5%,3,84.9%,41.1%,4,59.1%
DHM,41.1%,57.7%,27.2%,24.5%,2,94.4%,70.5%,38.4%,4,92.4%,84.6%,5,59%
DHC,79.4%,50.8%,66%,58.4%,4,35.9%,21.6%,59.6%,2,78.1%,81.1%,4,59%
SNC,85.7%,97.2%,32.8%,33.9%,4,73.1%,63.4%,42.2%,3,45.7%,56.8%,3,59%
SBL,89.1%,82.8%,93.6%,86.1%,5,42.1%,25.7%,57.3%,3,44%,33.4%,2,61.6%
CEO,62.2%,60.3%,65.5%,68%,4,55.1%,22.3%,48%,3,77.4%,95.4%,5,61.6%
PC1,76.8%,56%,57.2%,51.6%,4,47.5%,65.4%,56.7%,3,59.7%,83.9%,4,61.6%
BDG,95.7%,94.1%,91.4%,95.4%,5,39%,56.6%,37.4%,3,14.1%,29.4%,2,61.5%
TAC,89.9%,60.1%,78.9%,86.4%,4,31.7%,48%,49.2%,3,56.8%,51.6%,3,61.4%
TMC,74.1%,81.8%,69.8%,64.1%,4,66.7%,49.9%,36.2%,3,69.6%,40.1%,3,61.4%
TVN,68.1%,84.5%,70.3%,61%,4,67.1%,24.4%,46.6%,3,51.1%,79.7%,4,61.4%
CMX,72.9%,98%,47.5%,96.3%,4,51.8%,25.3%,9.5%,2,90.4%,60.7%,4,61.4%
FMC,84.4%,67.9%,72.1%,82.4%,4,36.4%,8.1%,37.2%,2,70.6%,92.3%,5,61.3%
ONE,58.9%,92.7%,42%,47.3%,4,87.6%,59.3%,36.6%,4,67.2%,59.7%,4,61.3%
KLF,34.2%,37.4%,17.8%,14.3%,2,96.6%,77.1%,79.1%,5,98.2%,97.5%,5,61.3%
HBS,36.6%,42.7%,28.2%,20.6%,2,96.7%,89.1%,96.6%,5,81.4%,59.6%,4,61.3%
PIV,44.5%,64.4%,31.4%,30.1%,3,90.4%,93.8%,38.8%,4,64.1%,94.3%,4,61.3%
BHN,86.7%,41.9%,75.9%,57.7%,4,28.9%,23.9%,77.3%,3,96.7%,62.9%,4,61.3%
AMD,43.1%,58.8%,53.4%,37.8%,3,92.6%,98.6%,61.8%,5,6.3%,97.9%,3,61.2%
SGP,74.7%,85.9%,85.5%,90.7%,5,43%,19.3%,44.3%,2,44.9%,62.5%,3,61.2%
PPH,81.1%,86.8%,57.4%,59.9%,4,73.3%,61.5%,31.7%,3,40.8%,57.2%,3,61.1%
C69,57.6%,90.4%,46.8%,41.8%,3,84.2%,52.6%,33.2%,3,57.4%,86.1%,4,61.1%
CTS,61.2%,61.1%,65.7%,49.5%,3,48.2%,10.3%,70.6%,3,90.9%,92.7%,5,61.1%
HDC,73.1%,69.1%,61.6%,58.8%,4,53%,15.3%,58.1%,3,70.7%,89.9%,5,61.1%
VMI,40.1%,53.2%,35.8%,27.1%,2,94%,73.5%,48.6%,4,95.3%,81.2%,5,61%
VTX,55.7%,61.7%,64.7%,45.4%,3,64.5%,97.8%,76.3%,4,55.5%,27.6%,3,61%
SDN,92%,81.7%,85.3%,83.1%,5,43.2%,64%,49.3%,3,12%,37.7%,2,60.9%
SPM,62%,62.7%,44%,26.6%,3,93.9%,60.4%,72.8%,4,71.8%,53.9%,4,60.9%
PSD,85.6%,93.2%,50.5%,88.9%,4,52%,81%,34.5%,3,9.8%,52.2%,2,60.9%
HT1,64.1%,65.7%,55.9%,50.4%,3,55.7%,66.7%,32%,3,89.2%,89.2%,5,63.2%
TVU,42.9%,45.5%,92.4%,77.6%,4,76.4%,77.6%,89.1%,5,51.3%,15.8%,2,63.2%
VIN,71%,76.6%,83%,61.4%,4,64.5%,26.1%,86.6%,3,53.6%,46.2%,3,63.2%
IJC,66.6%,83.2%,40.4%,59.1%,4,68.9%,45.9%,23.5%,3,89.1%,91.4%,5,63.1%
NDP,87.1%,74.6%,81.4%,69.1%,4,50.5%,56.7%,84.3%,4,37.4%,26.7%,2,63.1%
SMA,79.7%,91.1%,74.5%,79.8%,5,58.8%,16.3%,43.1%,2,60.4%,64.3%,4,63.1%
VGL,55%,82.6%,70.6%,45.1%,4,85.1%,79.5%,81.6%,5,53%,15.5%,2,63.1%
RDP,89.5%,95.5%,74.1%,81.4%,5,70.4%,44.7%,33.7%,3,5.7%,72.8%,2,63.1%
TXM,62.6%,77.4%,59%,44.8%,4,81.7%,49.3%,67.7%,4,73.6%,51.2%,4,63%
GMC,91.8%,89.5%,72.2%,87.3%,5,45.9%,72%,36.6%,3,6.9%,64.4%,2,62.9%
SAM,47.7%,53.4%,51.3%,33.7%,3,73.8%,50.9%,63.8%,4,96.9%,94.9%,5,62.9%
GHC,83.5%,62%,98.6%,94.4%,5,28.4%,40.9%,83.4%,3,25.4%,49.2%,2,62.9%
DNM,80.9%,80.7%,76.3%,65.6%,4,58.6%,87.6%,62.4%,4,22%,31.9%,2,62.9%
VLA,71.8%,83%,86.3%,61.4%,4,68%,56.4%,92.1%,4,7.1%,39.4%,2,62.8%
MPC,98.6%,71.8%,77.8%,92.8%,5,33.9%,18.6%,47%,2,79.9%,45.1%,4,62.8%
VPD,70%,73.8%,70.8%,67.8%,4,49.7%,41.2%,39.8%,3,72.5%,79.5%,4,62.8%
APG,45.7%,55%,46.1%,27.4%,3,82.4%,43.7%,95.9%,4,74.6%,93.3%,5,62.7%
CDN,65.8%,59.2%,83.5%,70.5%,4,36.1%,52%,66%,3,88%,43.3%,4,62.7%
PSP,54.4%,81.5%,50.5%,33.4%,3,93.2%,99.9%,65.5%,5,41.1%,45.3%,3,62.7%
VSM,67.8%,71.1%,70.9%,57.4%,4,58.9%,34.3%,66.5%,3,88.1%,49.8%,4,62.7%
KDC,68.6%,45%,56.3%,39.2%,3,46.7%,66.8%,77.1%,4,74.7%,88.6%,5,62.6%
CPH,79.5%,96.8%,80.4%,78.6%,5,72.8%,86.9%,46.8%,4,19.5%,2.2%,1,62.6%
MBG,37.3%,46.1%,30.1%,21.4%,2,96.1%,91.7%,83%,5,82.5%,75.2%,4,62.6%
HCM,87.8%,46.2%,80.9%,76.2%,4,28.6%,3.2%,55.3%,2,94.2%,90.7%,5,62.6%
LBE,76.4%,80.8%,84.7%,59.3%,4,68.4%,75.9%,91.5%,4,11.8%,13.8%,1,62.5%
MSN,85.2%,42.4%,67.8%,79.3%,4,27.6%,5.6%,38%,2,92.5%,92.6%,5,59%
SCY,61.7%,65.9%,69%,47.8%,4,62.8%,94.8%,73.3%,4,44.3%,10.7%,2,58.9%
DBD,86.1%,55.3%,86.9%,82.3%,4,31.5%,34.4%,57.5%,3,20.5%,75.3%,3,58.9%
HLD,67.7%,60.7%,72.5%,62.8%,4,42.4%,12.7%,70.4%,3,60.1%,81%,4,58.9%
SJF,45.3%,40.4%,58.2%,37%,3,51.3%,63.2%,66.5%,4,83.1%,84.8%,5,58.9%
DNC,87.4%,68.1%,90.1%,91.8%,5,32.1%,9.9%,36.4%,2,87%,25.2%,3,58.7%
DIC,50.1%,73.3%,27.2%,35.5%,3,84.9%,99.1%,22.8%,4,59.5%,75.8%,4,58.7%
DXP,57%,56.6%,72%,42.4%,3,54.7%,45.4%,82.7%,4,58.7%,58.4%,3,58.7%
VRE,48.2%,35.9%,64.5%,48.8%,3,29.5%,44.8%,60.3%,3,97.5%,97.7%,5,58.6%
NVL,79.8%,43.1%,57.1%,74.3%,4,30%,21.7%,41.3%,2,83%,96.4%,5,58.5%
IST,84.6%,90.8%,84.5%,87.5%,5,46.6%,30.3%,40.1%,2,31.8%,29.9%,2,58.5%
BII,35.7%,55.9%,12%,9.4%,2,99.7%,85.2%,62.4%,5,83.9%,81.9%,5,58.5%
CPC,85.5%,64.9%,76.1%,70.6%,4,38.6%,25.3%,63.6%,3,56.5%,44.2%,3,58.4%
BTT,84.3%,61.1%,76%,61.7%,4,42.2%,27.4%,74.2%,3,66.2%,32.6%,3,58.4%
VTA,57.3%,76%,59.7%,70.1%,4,52.2%,23.4%,22.9%,2,99.1%,64.5%,5,58.4%
KST,82.5%,80.1%,56.4%,66.6%,4,60.3%,15.5%,45.6%,3,82.1%,36.8%,3,58.4%
HTP,50.4%,79.5%,62%,36.3%,3,89%,81.8%,95.1%,5,8.4%,22.1%,1,58.3%
ARM,86.4%,55.7%,71%,83.6%,4,30.3%,9.1%,46.9%,2,98.6%,43.4%,4,58.3%
S74,59%,92.2%,21.6%,17%,3,93.6%,59.7%,40.7%,4,87.4%,53.3%,4,58.3%
VAT,40.9%,62.8%,34.9%,27%,3,97%,78.1%,47.1%,4,59.8%,76.8%,4,58.3%
DNH,69.4%,63.4%,80.5%,62.2%,4,44.1%,72.8%,85.6%,4,21.8%,24.8%,2,58.3%
MCP,70.6%,52.2%,77.6%,63.1%,4,36.1%,46.6%,61.8%,3,64.9%,51%,3,58.2%
CCI,70.9%,73.9%,54.1%,57.9%,4,61.4%,39.4%,72.7%,3,61.9%,31.9%,3,58.2%
VTH,57.9%,60.4%,59.8%,41.1%,3,70.5%,45.3%,69.8%,4,61.6%,57.7%,3,58.2%
BSQ,80.2%,72.5%,86.6%,78.3%,4,41%,67.2%,41.5%,3,15.7%,41%,2,58.2%
ECI,69.6%,77%,76.5%,49.9%,4,70.9%,72.9%,88.3%,4,62%,10.7%,2,64.2%
KCE,75%,70.9%,95.7%,90.3%,5,63.8%,51.6%,75.6%,4,32.2%,22.7%,2,64.2%
TCD,70.7%,68.6%,74.7%,77.2%,4,45.1%,48.4%,45.2%,3,72.4%,75.9%,4,64.2%
VNT,87.2%,86.8%,59.6%,82%,4,51.6%,81.2%,29.5%,3,67.5%,32%,3,64.2%
BTP,70.5%,83.2%,46.6%,49%,4,78.9%,61.9%,53.3%,4,76.6%,58.1%,4,64.2%
ALT,62.9%,68%,46.1%,27.3%,3,90.6%,76.5%,93%,5,72%,40.7%,3,64.1%
PGT,22.6%,18.3%,92.1%,87.6%,3,84.5%,68.2%,95.5%,5,75.8%,32%,3,64.1%
VLG,61.5%,92.4%,70.7%,52.9%,4,84.3%,52.6%,55%,4,54%,53.2%,3,64.1%
LDP,77%,61.6%,67.6%,71.1%,4,37.3%,80.6%,34.7%,3,97.8%,49.3%,4,64.1%
LCM,36.7%,68.5%,29.7%,21.3%,2,99.5%,83.8%,82.2%,5,68.5%,81.2%,4,63.5%
THT,61.8%,90.2%,58.9%,56.5%,4,81.2%,55.8%,25.1%,3,75.3%,66.5%,4,63.5%
HVT,96.1%,80%,93.1%,96%,5,31.9%,16.2%,37.1%,2,65.3%,61%,4,64.1%
RCL,75.9%,68.6%,57.9%,44.1%,4,73.9%,42.2%,61.7%,3,87.8%,63.6%,4,64%
SAS,77.8%,60.7%,90.8%,81.4%,4,33.6%,44.6%,76.2%,3,43.8%,66.5%,3,63.9%
HDM,90.7%,88.6%,66.7%,84.1%,5,78.6%,71.4%,36.5%,4,27%,31.3%,2,63.9%
CLH,83.4%,90.5%,71.1%,78.5%,5,50.4%,50.1%,16.7%,2,71.5%,63.2%,4,63.9%
BMC,53.9%,53.4%,53.7%,34.9%,3,66.1%,83.4%,87.7%,4,69.7%,71.4%,4,63.8%
TTP,92.6%,81.9%,75%,56.8%,4,72.6%,57.6%,63.3%,4,50.5%,21.4%,2,63.5%
MVC,59.7%,69.6%,77.9%,59.4%,4,63%,48.8%,68.9%,4,36.6%,87.5%,4,63.5%
D2D,97%,66.8%,65.9%,78.6%,4,37%,8%,58.7%,2,83.4%,76.1%,4,63.5%
TCH,65.9%,53.2%,85.8%,60.6%,4,37.4%,28.3%,84.9%,3,58.3%,96.9%,4,63.5%
SAC,73.4%,83.9%,85.2%,69.4%,4,60.5%,26.2%,77.5%,3,43.6%,51.4%,3,63.5%
FCM,55.5%,84.1%,48.6%,35.9%,3,87.8%,46.6%,47.9%,4,77.6%,86.4%,5,63.4%
MST,47.8%,85.4%,49.9%,33%,3,94.3%,53.4%,75.4%,4,35.9%,95.5%,4,63.4%
CAP,82.6%,62.4%,86.7%,82%,4,33.8%,55.4%,47.8%,3,57.5%,66%,4,63.8%
NBT,64.5%,93.7%,73.4%,59.5%,4,81.6%,83.2%,66.9%,4,37.1%,14%,2,63.8%
VTO,62.4%,82%,64.7%,48.9%,4,79.2%,51.8%,41.2%,3,61.3%,83.2%,4,63.8%
MAC,61.4%,83.3%,73.3%,51%,4,77%,72.3%,72.2%,4,11.9%,71.1%,3,63.7%
VSA,88.1%,90%,75.5%,64.9%,4,74.7%,68.7%,63%,4,4.9%,43.2%,2,63.7%
BSP,91.9%,90.3%,91.4%,86.9%,5,47.8%,39.8%,52.5%,3,15.7%,54.4%,2,63.4%
HII,90.5%,84.8%,67%,82.6%,5,49.8%,9.8%,36.6%,2,63%,86.5%,4,63.4%
VNE,52.2%,67.6%,59.5%,45.3%,3,71.7%,43.6%,56.4%,3,82.3%,91.8%,5,63.4%
STV,48.4%,45.7%,94.8%,85.1%,4,88.3%,46.8%,62.2%,4,46.8%,52.4%,3,63.4%
SFI,85.9%,73%,74.3%,60.3%,4,62.2%,76.2%,71%,4,10.7%,55.8%,2,63.3%
LCG,63.7%,77.6%,56.6%,55.3%,4,74.1%,45.5%,40.2%,3,67.7%,89.3%,4,63.3%
SGD,71.7%,86.4%,63.2%,47.9%,4,77.2%,55.1%,74.9%,4,57.2%,39.8%,3,63.7%
VKC,52.8%,76.6%,45.5%,41%,3,84.1%,73.7%,44.9%,4,70.1%,84.9%,4,63.7%
TIX,91.5%,82.9%,87.8%,75.1%,5,52.5%,68.6%,81.6%,4,7%,26.5%,1,63.7%
STK,70.8%,73.1%,63.6%,67.4%,4,51.9%,76.4%,32.4%,3,65.6%,71.3%,4,63.6%
DHT,94.3%,64.5%,88.5%,93.4%,5,30.5%,23.6%,43%,2,57.6%,77%,4,63.6%
HAI,41.8%,55.1%,39.6%,24.9%,3,96.5%,72.4%,61.3%,4,79.8%,98.4%,5,63.3%
HQC,39.5%,56.8%,28.6%,25.2%,2,94.8%,81.7%,61.7%,4,81.9%,99.2%,5,63.3%
SVC,86.8%,58.5%,58.6%,60.5%,4,64%,62.8%,31.1%,3,73.1%,74.2%,4,63.3%
SCS,96.8%,43.9%,99.5%,95.9%,5,26.4%,3.6%,88.7%,2,44.3%,70.6%,3,63.3%
DPS,40.3%,70.5%,27.6%,24.7%,3,98.3%,74.8%,52.1%,4,90.2%,90.5%,5,63.2%
BRC,63.2%,76.2%,65%,45.7%,4,77.5%,73%,74.6%,4,59.2%,34.6%,3,63.2%
VIT,82.2%,91.6%,64.5%,83.5%,5,54.9%,73.2%,17.4%,3,59.9%,72.5%,4,66.6%
VCS,96.9%,53.3%,99%,97.3%,5,29%,8.3%,68.9%,2,65.7%,81.2%,4,66.6%
AMC,91.1%,88.2%,91.3%,88.3%,5,44%,45.1%,37.2%,3,73.4%,39.6%,3,66.5%
CTX,98.9%,98.2%,83.7%,93.9%,5,65.5%,21.8%,44.3%,3,6.4%,56.4%,2,63.2%
PAC,83.2%,54.7%,73.7%,83%,4,30.9%,42.3%,28.9%,2,93.5%,78.3%,5,63.2%
VE4,58.9%,69.8%,59.2%,45%,3,75.7%,71.5%,63.3%,4,83.7%,41.3%,4,63.2%
TCS,66.1%,96.8%,44.4%,60.7%,4,87.9%,46.4%,9.6%,3,86.2%,71.1%,4,63.2%
ABI,91.7%,89.4%,83.1%,86.8%,5,44.8%,57.2%,72.8%,3,12.3%,60.8%,2,66.5%
BED,79.1%,61.4%,89.9%,78.2%,4,35.3%,82.4%,74.1%,4,76%,21.9%,3,66.5%
VFG,95%,74.9%,79.7%,77.8%,5,43.7%,22.7%,54.8%,3,77.5%,72.1%,4,66.5%
VJC,98.9%,48.9%,92.6%,97.2%,5,26.5%,6.5%,48.1%,2,85.5%,93.7%,5,66.4%
NT2,83.8%,66.2%,78.1%,74.2%,4,37.8%,37%,50%,3,82.6%,88.2%,5,66.4%
PJT,78.2%,87.8%,78.4%,74.4%,4,60.2%,44.5%,50.7%,3,72.3%,50.5%,4,66.3%
TND,95.5%,99.4%,74.9%,92.5%,5,84.5%,16%,13.1%,2,49.1%,71.4%,4,66.3%
NDX,83.9%,87.7%,84.9%,84.7%,5,47.6%,16.1%,57.4%,3,57.7%,75.5%,4,66.2%
SGS,85%,94.5%,96.2%,83.2%,5,61.6%,19.4%,87.8%,3,45%,22.8%,2,66.2%
DLG,42.2%,64.1%,27.5%,24.7%,2,95%,98.5%,55.2%,5,90.9%,96.4%,5,66.1%
BBC,95.6%,60.9%,75.8%,61.6%,4,42.2%,76.6%,78.1%,4,71.4%,31.4%,3,66%
VIX,55.5%,72.2%,59.4%,45.2%,3,75.7%,28.5%,79.9%,4,83.8%,93.2%,5,65.9%
TDH,70.3%,71.4%,58.6%,44.5%,4,75%,35.6%,59.4%,3,84.8%,93.8%,5,65.9%
DAD,74.8%,72.6%,83.8%,62.1%,4,53.7%,52.3%,83.6%,4,65.7%,36.1%,3,65%
PVS,73.3%,63%,50.9%,39.8%,3,67.3%,27.1%,65.9%,3,98.2%,99.7%,5,65%
EVE,64%,59.3%,55.2%,38.8%,3,69.7%,66.5%,81.7%,4,69%,88.9%,4,65.9%
PHR,90.7%,69%,78.3%,69.1%,4,44.7%,16.5%,47.4%,2,87.3%,90.1%,5,65.9%
BPC,88.9%,92.1%,64.9%,67.9%,4,72.7%,48.2%,53.2%,3,57.4%,38.6%,3,64.9%
VC7,73.6%,72.1%,70.5%,69.7%,4,45.5%,51.4%,52.4%,3,68%,79.7%,4,64.8%
DXV,50.5%,83.8%,55%,35.8%,3,91.2%,60.9%,81.4%,4,79.5%,45.3%,4,64.8%
VNF,97.3%,80.4%,70.7%,78%,5,50.1%,32.6%,44%,3,92.3%,37.8%,4,64.8%
DNN,69%,96.4%,84%,70.7%,5,84.7%,73.4%,80.2%,4,22%,3%,1,64.8%
DBC,80.4%,73.9%,48%,46%,4,73.4%,81.4%,27.7%,4,78.8%,72.4%,4,64.7%
SAF,90.8%,58.2%,97.3%,92.4%,5,29.1%,39.1%,77.1%,3,66.8%,31.6%,3,64.7%
LTG,96%,84.3%,73.2%,80.9%,5,48.3%,58%,31.8%,3,34.3%,75.7%,3,64.7%
DBT,76.7%,82.6%,54.6%,58.2%,4,72.3%,68.8%,44.4%,4,59.4%,64.4%,4,64.6%
SRA,94.6%,98.9%,93.7%,96.5%,5,65.9%,27.2%,33%,3,8.2%,63%,2,64.5%
IDI,75.3%,81.4%,67.2%,73.9%,4,52.6%,1.8%,48.4%,2,92.9%,98.9%,5,65.8%
CLL,80.5%,61.9%,91.6%,68%,4,38.3%,42.4%,94.7%,3,59.3%,55.6%,3,65.8%
SD5,59.4%,77.8%,43.5%,37%,3,87.4%,98.4%,36.5%,4,79.1%,73.3%,4,65.8%
THI,96.2%,86.5%,94.9%,92.4%,5,38.4%,47%,62.8%,3,10.9%,63%,2,65.8%
MAS,98.7%,75.5%,98.5%,98.2%,5,27.7%,79.1%,37.2%,3,6.1%,69.9%,2,65.7%
DAE,85.8%,90.5%,90%,73.2%,5,65.2%,50.3%,86.1%,4,7.6%,43%,2,65.7%
TIP,77.5%,78.9%,87.8%,67.5%,4,6.8%,65%,89.7%,3,63.4%,54.9%,3,65.7%
GMD,72.6%,54.3%,61.5%,46.5%,3,51.5%,64.9%,50.7%,3,83.9%,94.5%,5,64.5%
MHC,46.3%,54.1%,41.2%,29.7%,3,87.7%,64.3%,82.7%,4,88.9%,85.7%,5,64.5%
HTC,87.4%,74.1%,77.1%,73.7%,4,44.3%,54.7%,56.5%,3,72.8%,39.5%,3,64.5%
DTC,81.3%,91.8%,80.7%,96.4%,5,63.9%,25.1%,21.5%,2,74.7%,43.8%,3,64.4%
FLC,51.1%,73.6%,39.3%,36%,3,87.3%,70.7%,39%,4,81.6%,99.8%,5,64.3%
VE3,68.5%,82.5%,64.2%,61.2%,4,68.2%,64.5%,51.9%,4,66.1%,51.4%,3,64.3%
VNR,77.2%,66.1%,59.5%,57.2%,4,52.8%,57.9%,60.4%,3,76.6%,71.3%,4,64.3%
VLB,87.2%,69.9%,97.8%,92.6%,5,32.2%,31.2%,75.8%,3,53.9%,38.5%,3,64.3%
L14,91%,57.3%,97.5%,96.6%,5,30.7%,3.9%,43.3%,2,77.7%,80%,4,64.2%
BRS,73%,95.9%,83.3%,70.5%,5,75.6%,83.5%,71.8%,4,15.4%,8.8%,1,64.2%
VGC,76.9%,66.4%,64.3%,61.3%,4,43.4%,20.4%,51%,2,99%,95%,5,64.2%
KSK,37.9%,74.5%,29.3%,21.1%,3,99.5%,91%,40%,4,95.6%,88.7%,5,64.2%
SVI,93.5%,77.2%,74.7%,81.6%,5,42.9%,39.1%,42.5%,3,73.2%,53%,4,64.2%
VFR,82.8%,99.1%,79.7%,69.8%,5,93.6%,72.4%,50.4%,4,0.7%,42.8%,2,65.7%
RTB,81.4%,94.4%,78.6%,67.2%,5,78.4%,48.9%,74%,4,43.4%,24.8%,2,65.7%
DRI,75.5%,93%,84.1%,73.4%,5,68%,44.1%,43.6%,3,22.7%,86%,3,65.6%
NBP,87.6%,94.3%,87.2%,74.1%,5,72%,44.5%,78.6%,4,12%,40%,2,65.6%
BWS,10.3%,2.6%,12.7%,9.9%,1,3.7%,19.3%,38.3%,2,16.8%,43.3%,2,17.4%
HAF,15.7%,9.2%,5.4%,4.4%,1,2.8%,0.7%,57.4%,2,26.3%,16.8%,2,15.4%
FUCTVGF1,5.3%,8%,14.8%,11.6%,1,9.6%,26%,40.7%,2,2.3%,17%,1,15%
BAL,8.9%,0.9%,11.6%,9%,1,3.8%,31.6%,37.7%,2,13.8%,8.9%,1,14%
NAG,61.1%,89.6%,57%,51.4%,4,84%,41%,48.3%,3,86.1%,71.8%,4,65.6%
ADC,84.9%,88.2%,75.7%,80.3%,5,54.5%,33.2%,54.3%,3,88.6%,30.7%,3,65.6%
SKV,78.5%,74.9%,85.6%,81.6%,5,40.3%,63.9%,53.5%,3,45.5%,65.5%,3,65.5%
STT,2.6%,25.1%,0.7%,0.1%,1,26.1%,20.7%,15.1%,2,3.6%,30.7%,1,13.9%
VGR,0%,0%,0%,0%,0,0%,0%,0%,0,0%,0%,0,0%
TMX,72.2%,92.9%,69.9%,56.6%,4,82.2%,55.5%,72.2%,4,59.1%,28.7%,3,65.5%
DCM,63.4%,68.4%,60.8%,54.1%,4,55%,45.8%,65.1%,3,81.1%,95.3%,5,65.4%
PNJ,96.4%,44.3%,94.7%,90.5%,5,26.7%,5.1%,57%,2,85.3%,89%,5,65.4%
SED,88%,91%,85.4%,74.7%,5,63.3%,58.5%,68%,4,10.5%,49.1%,2,65.4%
ST8,58.2%,52.4%,69.4%,48.1%,3,47.2%,95.5%,77%,4,84.4%,55.1%,4,65.3%
LSS,57.2%,70.1%,49.8%,32.9%,3,88.6%,70.8%,50.9%,4,81.2%,85.1%,5,65.2%
LAS,68.2%,74.1%,67.6%,66.6%,4,53.3%,60%,55.7%,3,59.6%,82.1%,4,65.2%
SFC,84.1%,77.2%,69.1%,72.2%,4,50.6%,83%,56.9%,4,62.8%,30.7%,3,65.2%
KCB,83.1%,99.5%,81.1%,62.9%,5,95.6%,32.3%,61.9%,4,32.1%,38.4%,2,65.2%
SMN,76.8%,93.9%,85.7%,72.3%,5,72.1%,44.9%,62.6%,3,8.8%,45.8%,2,62.5%
VND,76.1%,54.1%,75.2%,81.9%,4,35.7%,2.8%,43%,2,97.3%,96.7%,5,62.5%
TTD,90.4%,57.4%,98%,93.2%,5,28.6%,25.9%,73.7%,3,50.3%,44.7%,3,62.5%
TV2,99.6%,91.4%,92.4%,96.8%,5,51.4%,22.2%,45.7%,2,8%,79.4%,3,65.2%
HTT,42.4%,67.8%,40.3%,29.1%,3,95.2%,98.3%,36.3%,4,84.9%,92.9%,5,65.2%
QHW,39.4%,36.1%,97.6%,93.6%,4,53.6%,99.9%,80.3%,4,42.3%,43.1%,3,65.1%
TLG,93.8%,51.4%,95.3%,90.9%,5,28%,41.6%,72.4%,3,63.6%,48.5%,3,65.1%
QBS,53.6%,79.3%,51.1%,39.9%,3,86.1%,59.3%,41.7%,4,86.8%,87.7%,5,65.1%
S4A,86.4%,76.4%,87.4%,90.6%,5,36.5%,19.8%,62.7%,2,68.6%,57.2%,4,65.1%
PVT,68.4%,60%,62.8%,59.9%,4,48.9%,16.9%,67.5%,3,85.3%,93%,5,62.5%
AGR,44.2%,52.6%,53.4%,31.6%,3,77.8%,26.4%,96%,4,89.3%,90.7%,5,62.5%
LDG,73%,59.7%,77.4%,68.8%,4,37.2%,2.4%,57.6%,2,90%,95.8%,5,62.4%
MCC,68%,70.7%,77.6%,59.3%,4,57.2%,62.7%,49.2%,3,73.3%,43.9%,3,62.4%
VSH,67.2%,62.8%,59.7%,57.3%,4,49.1%,52.7%,68.5%,3,70.2%,74.1%,4,62.4%
PAN,85.3%,48.6%,78.2%,63.2%,4,37.7%,10.6%,74.6%,3,78.4%,84.3%,5,62.3%
TNS,89.5%,99.7%,89.5%,99.8%,5,33%,12.5%,20.6%,2,49.3%,65.5%,3,62.2%
AMV,67.4%,64.2%,83.2%,57.6%,4,46.6%,37.1%,73.7%,3,73.4%,56.1%,4,62.1%
TV4,69.9%,60.3%,86.1%,69.7%,4,39.3%,12.3%,68.6%,3,88.4%,64.5%,4,62.1%
SSN,67.4%,65.2%,63.6%,60.3%,4,47%,81.3%,46.4%,3,46.5%,80.1%,4,62%
HAD,88.2%,58%,76.6%,50.1%,4,47.6%,25.6%,85.5%,3,80.9%,45.6%,4,62%
TNC,66.9%,72%,79.1%,52.4%,4,68.6%,50.1%,93%,4,11.3%,64.1%,2,61.9%
VCI,92.8%,47.4%,88%,86.5%,4,27.8%,7.2%,56.2%,2,71.3%,80.2%,4,61.9%
HPU,17.6%,11.4%,16.4%,13%,1,8.4%,90.1%,40%,3,29.6%,5.5%,1,25.8%
VET,29.7%,28.7%,24.2%,18.8%,2,1.7%,8.5%,43.1%,1,52.8%,23.4%,2,25.7%
PPS,72%,93.8%,31.6%,67%,4,76.2%,98.9%,12.5%,4,72.4%,61.8%,4,65.1%
PBP,72.7%,79.6%,68.3%,66.9%,4,57.8%,62.5%,28.6%,3,77.8%,42.1%,3,61.8%
MEL,62.2%,80.9%,49.9%,68.9%,4,73.2%,92%,23.4%,4,62.6%,43%,3,61.8%
BTH,9.9%,2.2%,8.1%,7.2%,1,20.8%,85.6%,67.1%,3,16.2%,13.6%,1,25.6%
CIP,11.7%,4.1%,26.1%,35.1%,1,13.9%,86.6%,22.4%,3,18.6%,11.3%,1,25.5%
TVW,28.9%,27.7%,24%,18.6%,2,5.7%,14.9%,43%,2,51.4%,15.1%,2,25.5%
SLC,26.1%,24.1%,5.7%,4.7%,1,16.5%,24.3%,62.6%,2,45.5%,19.9%,2,25.5%
FCC,14.5%,7.6%,2.4%,3.3%,1,12%,88.4%,73%,3,24.4%,3.8%,1,25.5%
MTL,20.7%,15.6%,30.6%,21.8%,2,9.1%,1.2%,86.4%,2,36.1%,8.1%,2,25.5%
HNG,67%,89.1%,49.1%,50.2%,4,78.8%,38.4%,21.7%,3,92.4%,98%,5,65%
TC6,69.5%,97.8%,44.3%,60.5%,4,88.4%,52.5%,12.9%,3,85.1%,74.4%,4,65%
KTU,19%,13.3%,18%,14.5%,1,9.1%,91.1%,40.6%,3,33%,6.6%,1,27.2%
ILS,18.4%,12.4%,17.2%,13.8%,1,6.4%,28.7%,40.4%,2,31.4%,73.9%,3,27%
ITA,35.5%,39.1%,17.4%,20.9%,2,95.1%,98.7%,68.1%,5,84.3%,97.4%,5,61.8%
TMG,98.5%,93.5%,99.3%,97.6%,5,33.6%,2%,57.5%,2,48.9%,24.4%,2,61.7%
XMD,58.8%,95.8%,53.2%,41.1%,4,92.3%,98.1%,45%,4,56.1%,14.6%,2,61.7%
MPT,44.9%,78.3%,41.4%,25.9%,3,94.9%,78.5%,56.4%,4,58.2%,76.6%,4,61.7%
ROS,73.2%,38.6%,78.6%,72%,4,26.6%,41.8%,46.4%,2,82.7%,95.2%,5,61.7%
L10,84.9%,87.6%,49.7%,63%,4,71.8%,37.3%,32.9%,3,69.8%,57%,4,61.6%
SCO,25.3%,22.8%,51.6%,7.4%,2,21.4%,6.7%,32.7%,2,44.2%,17.2%,2,25.5%
CER,11.1%,3.4%,26%,41.9%,2,12.6%,86.4%,26.5%,3,18.1%,1.6%,1,25.3%
NHT,21.3%,16.4%,19.9%,15.7%,1,1.5%,5.1%,41.3%,1,37.7%,68.4%,3,25.3%
VNI,30.7%,30.1%,5.7%,2.9%,1,17.4%,13.2%,12%,1,67%,48.3%,3,25.3%
C92,38.2%,36.9%,12.8%,20%,2,65.7%,17.2%,23%,2,1.4%,12.8%,1,25.3%
EME,14.2%,7.2%,39.1%,32.2%,2,5.1%,4.9%,50.4%,2,24%,65.5%,3,27%
SD1,25.4%,22.8%,6.2%,94.6%,2,23.2%,19.9%,28.8%,2,0.8%,20.6%,1,26.9%
HFX,16.7%,10.2%,0.9%,42.8%,1,23.7%,89.4%,25.5%,3,27.8%,4.8%,1,26.9%
BTC,68.3%,40.7%,2%,0.9%,2,0.9%,26.6%,9.8%,1,81.5%,10.6%,3,26.8%
IRC,18.5%,12.6%,17.3%,13.9%,1,10.3%,90.7%,40.4%,3,31.6%,6.1%,1,26.8%
CNN,11.9%,4.4%,47.6%,65.5%,2,7%,22.6%,34.8%,2,19.5%,27.5%,2,26.8%
PNC,1%,18.9%,3.2%,0.6%,1,26.9%,13.9%,11.3%,1,98.3%,66.4%,5,26.7%
BAB,8.9%,0.9%,11.5%,8.9%,1,4.7%,84%,37.6%,3,13.7%,70.2%,3,26.7%
CXH,12.2%,4.9%,26.8%,28%,1,18.1%,87.2%,29.9%,3,20.1%,11.9%,1,26.6%
SEA,72.8%,73.4%,82.2%,60.2%,4,59.3%,52.9%,54.7%,3,44.7%,53.9%,3,61.6%
CIA,11.6%,3.9%,13.4%,10.5%,1,2.3%,58.4%,38.5%,2,2.9%,85.7%,3,25.2%
ONW,22.2%,17.6%,7.5%,6.4%,1,7.2%,47.8%,63.9%,2,39.2%,14.7%,2,25.2%
ICI,18%,12.1%,16.8%,13.4%,1,81.4%,12.1%,30.6%,3,30.8%,10.4%,2,25.1%
HPM,4.9%,11.2%,6.5%,4.9%,1,38.1%,82.5%,34.1%,3,5.9%,36.6%,2,25%
AC4,8.2%,0%,35.9%,88.2%,2,9.3%,34.7%,27.1%,2,12.4%,8.3%,1,24.9%
BWA,10.3%,2.5%,54%,34.9%,2,10.2%,3.2%,82.8%,2,16.7%,9.6%,1,24.9%
MLS,0.1%,15%,1.1%,0.3%,1,27%,49.2%,10.3%,2,77.2%,42.6%,3,24.8%
DTI,13.9%,6.8%,14.1%,11%,1,9%,62%,38.8%,2,23.2%,44%,2,24.8%
LCC,19.2%,13.6%,2%,84.5%,2,22.3%,18.3%,23.2%,2,33.5%,6.7%,2,24.8%
VOS,2.4%,30.3%,4.8%,1.1%,1,71.3%,9.1%,22.5%,2,5.5%,92.5%,3,26.6%
JOS,5.5%,12.7%,7.3%,39.1%,1,22.8%,90.8%,23.2%,3,32%,6.1%,1,26.6%
EPH,14.4%,7.4%,14.5%,11.4%,1,17%,88.3%,39%,3,24.2%,22.2%,2,26.5%
SDY,1.7%,23.6%,1.5%,99.7%,2,18.8%,13%,59.3%,2,2%,45.7%,2,29.5%
SDX,25.6%,23.5%,3%,1.3%,1,40.1%,41.7%,24.8%,2,44.6%,16.6%,2,24.6%
M10,19.7%,14.4%,18.9%,15%,1,2.6%,37.2%,40.9%,2,34.4%,38.3%,2,24.6%
PLA,22.9%,18.8%,20.9%,16.4%,1,18.2%,12.2%,41.7%,2,40.1%,29.5%,2,24.5%
CCV,10.7%,3%,54.1%,82.1%,2,2.4%,0.6%,33.5%,1,17.6%,32.4%,2,26.3%
HPH,17.4%,11.1%,16.4%,13%,1,14.5%,90%,39.9%,3,29.3%,5.5%,1,26.3%
BMV,6.6%,1.8%,8%,6.6%,1,57.3%,85.4%,54.9%,4,15.1%,0.6%,1,26.3%
CAD,5.7%,2.7%,9.4%,45.7%,1,24.3%,11.1%,23.9%,1,72.6%,39.6%,3,26.1%
IDN,18.2%,12.2%,17%,13.5%,1,6.4%,90.5%,40.2%,3,31%,6%,1,26.1%
HAB,15.6%,9.1%,15.3%,12.1%,1,10.9%,66.6%,39.4%,2,26.1%,39%,2,26%
G20,3.4%,8.2%,3.2%,2%,1,89.5%,59.4%,36.6%,4,3.1%,59.1%,2,29.4%
PPE,2.8%,19.3%,1.8%,2.2%,1,32.7%,80.5%,76.5%,4,8.6%,40.4%,2,29.4%
FBC,14.5%,7.5%,61.1%,89.9%,3,5.1%,33.5%,19.4%,1,24.3%,9.1%,1,29.4%
MRF,20.5%,15.3%,19.7%,15.5%,1,4.8%,43.4%,41.2%,2,35.7%,68.4%,3,29.4%
PEC,22.4%,18.1%,20.7%,7.3%,1,20.1%,76.8%,19.6%,2,39.7%,40.1%,2,29.4%
CPI,34.1%,39.3%,38.2%,6.1%,2,23.6%,45.3%,44.9%,2,19.6%,13.8%,1,29.4%
PID,22.7%,18.5%,1.7%,0%,1,26%,93.7%,16.8%,3,66%,9.4%,2,28.3%
HJC,1.6%,10.3%,2.8%,2.2%,1,91.6%,79.8%,32.7%,4,28.2%,5.1%,1,28.3%
SMT,78.4%,65.6%,69.3%,69.5%,4,39.7%,31%,49.1%,2,60.5%,41.7%,3,56.1%
BDT,77.9%,84.6%,86.5%,78.1%,5,50.5%,29.9%,62.2%,3,14.3%,19.6%,1,56%
ATA,35.8%,46.1%,11.3%,8.8%,2,23.4%,5.7%,23.6%,1,0.7%,78.9%,2,26%
HLE,17%,10.7%,16%,12.6%,1,13.6%,89.8%,39.8%,3,28.4%,5.2%,1,25.9%
GTH,15.4%,8.8%,15.2%,28.7%,1,21.9%,81.1%,22.3%,3,25.8%,13.7%,1,25.9%
OGC,3.6%,17.5%,4.7%,1.6%,1,64.4%,9.2%,24.6%,2,9%,97.7%,3,25.8%
CDG,10.8%,3.1%,60.4%,53.6%,2,8.8%,26.8%,37.2%,2,17.7%,13.8%,1,25.8%
CVC,12.1%,4.8%,26.6%,24.3%,1,13%,87%,74.7%,3,19.9%,2.4%,1,29.4%
DZM,1.1%,7%,3.5%,2.3%,1,96.1%,58.6%,29.7%,4,8.5%,56.4%,2,29.2%
CCH,10.7%,3%,37.5%,45.8%,2,19%,85.9%,32.3%,3,17.4%,10%,1,29.1%
BDP,8%,1.2%,11.8%,9.3%,1,56.4%,84.9%,75.8%,4,14.2%,0.2%,1,29.1%
VHF,6.6%,28.9%,9.2%,7%,1,36.4%,17%,77.6%,3,53.2%,25.8%,2,29.1%
LWS,19.7%,14.3%,18.8%,14.9%,1,13.2%,91.6%,40.8%,3,34.3%,7.1%,2,28.3%
LG9,19.3%,13.7%,18.5%,14.8%,1,14.6%,91.4%,40.8%,3,33.7%,6.9%,2,28.2%
NRC,21.7%,16.8%,20.1%,15.8%,1,1.6%,29.9%,41.3%,2,38.4%,68.2%,3,28.2%
EAD,14.1%,7.2%,55.1%,73.5%,2,3.6%,7.3%,46.3%,1,23.8%,22.3%,2,28.1%
PTT,23.8%,20.1%,31.8%,33.6%,2,19.7%,7.6%,41.4%,2,41.6%,33.1%,2,28.1%
LMC,19.5%,14.1%,41.1%,32.8%,2,5.9%,8.9%,68.4%,2,34%,27.7%,2,28%
PNT,23.1%,19.1%,8.8%,6.5%,1,18.4%,32.9%,55.8%,2,40.5%,47.1%,3,28%
KDH,68.8%,44.3%,67.4%,50.7%,3,35.1%,10.9%,79.5%,3,59.5%,87.3%,4,56%
HTV,70.1%,69.5%,67.1%,43%,4,76.1%,55.9%,85.1%,4,2.2%,35.2%,1,56%
BMI,81.6%,63.9%,53.8%,53.4%,4,48.5%,49.4%,65.4%,3,10.2%,77.8%,3,56%
VCF,99.4%,65.3%,86.1%,97.4%,5,27.2%,40%,38.2%,2,2.5%,47.7%,2,56%
KHA,81.1%,62.3%,67.4%,43.2%,4,63.6%,55.5%,72.2%,4,2.7%,55%,2,55.9%
CT3,12%,4.6%,47.6%,49.3%,2,19.2%,47.9%,45.5%,2,19.7%,15.6%,1,29%
BVN,10.2%,2.4%,46.7%,41.6%,2,7.2%,4.4%,62.9%,2,16.6%,68.2%,3,28.9%
HFC,16.5%,10%,48.9%,80.7%,2,8.2%,27.4%,24.6%,2,27.6%,15.8%,2,28.9%
POB,23.2%,19.1%,31.6%,22.4%,2,13.7%,12.4%,80.9%,2,40.5%,15.5%,2,28.8%
BHV,9.3%,1.5%,37%,4.8%,1,20.7%,30%,24.9%,2,92.6%,30.3%,4,27.9%
IFC,33.6%,33%,17%,13.6%,2,10.7%,31.7%,35.3%,2,31.1%,45.5%,2,27.9%
LDW,19.3%,13.6%,18.4%,14.7%,1,11.8%,91.4%,40.7%,3,33.6%,6.9%,2,27.8%
BSD,9.7%,2%,65.1%,65.3%,2,2%,43%,47%,2,15.5%,0.8%,1,27.8%
QST,74.2%,89.7%,68.9%,71.9%,4,66.1%,69.9%,31%,3,6.7%,24.2%,1,55.9%
ND2,78.6%,74.3%,67.9%,76.6%,4,48.7%,19.1%,57.9%,3,37.3%,42.9%,3,55.9%
SCH,71.4%,79.7%,74.2%,72.1%,4,53.2%,34.1%,62.9%,3,44.1%,10.6%,2,55.8%
SJS,65.2%,49.5%,43.9%,40.1%,3,52.7%,57.7%,30.7%,3,75.9%,86.3%,5,55.8%
HNB,58%,56.3%,76.9%,50.1%,4,44.9%,84.1%,84.6%,4,28.9%,18.6%,2,55.8%
VTB,72.3%,67.4%,52.9%,57.5%,4,57.1%,33.2%,35.4%,3,70.3%,56.4%,4,55.8%
GDW,78.9%,86.7%,66.4%,49.9%,4,61.3%,52.8%,42.4%,3,25.1%,38.6%,2,55.8%
TTB,56.3%,50%,70.1%,48.3%,3,42.3%,2.2%,67.5%,2,71.2%,93.3%,5,55.7%
TOP,33.3%,37.8%,23.6%,18.2%,2,98.9%,70.5%,82.3%,5,49.5%,87.2%,4,55.7%
TMB,72.4%,92.8%,52.2%,56.6%,4,83.6%,25%,28.1%,3,60.6%,30.1%,3,55.7%
SHB,61.9%,65.1%,32.6%,56.1%,3,61.1%,5.9%,19.8%,2,98.7%,99.9%,5,55.7%
VMD,73.6%,67.3%,24.3%,48.7%,3,63.7%,99%,15.5%,3,70.9%,38.5%,3,55.7%
CDO,34.7%,42%,13.2%,10.3%,2,99.1%,73.3%,74.6%,5,86.4%,89.7%,5,58.1%
CKH,11.8%,4.1%,38%,49.2%,2,22%,86.6%,19.1%,3,18.9%,9.5%,1,28.8%
MIE,20.1%,14.9%,19.3%,15.3%,1,13.6%,92.2%,41%,3,35.2%,7.7%,2,28.8%
HRT,4%,11.6%,5.9%,4.1%,1,83.8%,43.4%,47.1%,3,29.9%,29%,2,28.8%
MDA,19.9%,14.6%,19.1%,15.2%,1,14.7%,91.9%,41%,3,34.7%,7.4%,2,28.7%
APL,8.6%,0.5%,36.4%,73%,2,7.6%,99.8%,19.2%,3,13.3%,0%,1,28.7%
KHL,4.3%,12.8%,3.6%,2.8%,1,99.4%,38.5%,21.2%,3,3%,69.8%,2,28.4%
SDH,3.9%,23.3%,5.6%,0.8%,1,29.4%,3.5%,12.6%,1,92.1%,78.5%,5,27.8%
CC4,35.9%,35.6%,13.1%,10.2%,2,80.9%,21.1%,17.1%,2,17.3%,18.8%,1,27.8%
LQN,19.6%,14.2%,18.7%,29.5%,2,16.2%,91.6%,18.7%,3,34.2%,7%,2,27.7%
SDE,5.4%,23.2%,22.1%,7.5%,1,95.7%,42.6%,25.3%,3,0.4%,26%,1,27.6%
VPA,5.7%,30.4%,9.3%,6.1%,1,79.3%,32%,17%,3,54.8%,13.9%,2,27.6%
CBS,10.6%,2.9%,13%,10.1%,1,19.1%,85.9%,38.5%,3,17.2%,50.6%,2,27.5%
VNC,86.3%,59.5%,88.2%,77.9%,4,34.6%,28.9%,68.3%,3,10.9%,46.5%,2,55.7%
MCF,64.1%,66.8%,73.4%,47.1%,4,61.6%,67.6%,69.4%,4,11.1%,39.8%,2,55.7%
SD2,42.6%,51.3%,32.4%,26.5%,2,90.7%,65.7%,34.6%,4,81.3%,76.4%,4,55.7%
SPP,64.9%,93.4%,44.1%,48%,4,89.1%,51.7%,18.4%,3,0.3%,90.4%,3,55.6%
LM8,82.2%,71.7%,29.8%,50.9%,3,67.9%,46.4%,16.1%,3,63.2%,72.2%,4,55.6%
BWE,66.8%,52%,37.4%,38.1%,3,55.1%,29.3%,38.8%,3,94.4%,88.1%,5,55.6%
DAC,12.4%,5.1%,91.7%,94.3%,3,10%,11.9%,31.7%,1,9.7%,10.1%,1,30.8%
TTL,28.5%,27.3%,23.9%,18.5%,2,17.8%,79.3%,42.9%,3,0%,38.9%,1,30.8%
CI5,11.5%,3.9%,47.2%,75.8%,2,11.3%,42.5%,27.9%,2,18.6%,38%,2,30.8%
TVB,61.6%,47.4%,82.7%,60.9%,4,41.9%,3.3%,89.8%,3,50.9%,84.6%,4,58.1%
PAI,55.4%,64.5%,68.2%,47.4%,3,60.9%,93.5%,84.4%,4,39.3%,9.2%,2,58.1%
PDR,76.4%,49.8%,62.6%,74.3%,4,31%,6.9%,48.6%,2,77.8%,95.8%,5,58.1%
KPF,58%,43.6%,77.4%,47%,3,34.3%,0.4%,94%,3,89.5%,78.3%,5,58.1%
HEP,16.4%,9.9%,15.7%,12.4%,1,14.4%,89.3%,39.6%,3,27.4%,30.4%,2,28.4%
PDV,6.7%,18%,9.8%,6.8%,1,83.9%,21%,48.5%,3,39.6%,21.3%,2,28.4%
MC3,19.8%,14.5%,30.1%,25.9%,2,14.7%,91.8%,17.4%,3,34.5%,7.2%,2,28.4%
DLR,2.2%,5.9%,4.9%,1.5%,1,33.1%,34.1%,31.1%,2,58.6%,75.6%,4,27.4%
CDR,10.9%,3.2%,37.8%,41.8%,2,10.7%,86.1%,36.4%,3,17.8%,1.5%,1,27.4%
VMG,7.4%,29.7%,10.7%,7.1%,1,65.8%,17.3%,32.7%,2,57%,61.7%,3,32.2%
PCC,22.4%,17.8%,20.6%,16.2%,1,6.6%,77.8%,41.6%,3,39.4%,46.3%,3,32.1%
HBI,33.9%,32.5%,15.6%,12.3%,2,33.2%,89.1%,41.3%,3,26.6%,4.5%,1,32.1%
PVY,23.9%,20.5%,21.4%,16.8%,2,23%,37%,41.9%,2,41.9%,50%,3,30.7%
KLB,18.7%,13%,17.7%,14.2%,1,60.1%,33.8%,23.1%,2,32.6%,62.7%,3,30.7%
PTE,4.1%,19.7%,7.6%,99.3%,2,20.5%,1.1%,24.7%,1,41.2%,57.4%,3,30.6%
PBK,22.3%,17.8%,20.5%,16.1%,1,14.8%,93.6%,41.5%,3,39.3%,9.2%,2,30.6%
TA6,27.1%,25.5%,22.8%,17.8%,2,18.9%,36.3%,42.5%,2,47.4%,36.3%,3,30.5%
SP2,5.1%,24.3%,10.4%,67.4%,2,17.6%,14.5%,29.3%,2,45.9%,59.8%,3,30.5%
VC1,64.7%,71.4%,45.3%,40.7%,3,79%,56.4%,35.8%,3,87%,42.9%,4,58.1%
CTW,61.6%,91.7%,60.6%,58.1%,4,87%,70.2%,62.2%,4,19.9%,12%,1,58.1%
OPC,87.6%,53.9%,78.2%,71.6%,4,33.9%,34.5%,49.2%,2,67.2%,46%,3,58%
HBD,59.1%,67.4%,88.9%,66.1%,4,12.1%,54.1%,79.4%,3,66.4%,27.8%,3,57.9%
TDC,65.1%,83.6%,44.5%,60.7%,4,71.8%,28%,19.5%,2,59%,88.6%,4,57.9%
TST,52.5%,80.3%,34.1%,34.1%,3,95.1%,41.5%,40.1%,3,95.2%,48.3%,4,57.9%
ISH,71.1%,78.2%,81.1%,68.6%,4,55.3%,37.8%,42.3%,3,31.8%,53.8%,3,57.8%
DRH,68%,64.9%,71.8%,54.3%,4,49.5%,69.4%,42.5%,3,7.2%,92.7%,3,57.8%
HLC,77.6%,97%,28.5%,76.3%,4,80.3%,58.2%,7.5%,3,69.1%,25.8%,3,57.8%
PTC,49.7%,66.9%,31.7%,30.2%,3,84.4%,50%,60.6%,4,84.1%,63%,4,57.8%
TNI,45.6%,52.5%,52.2%,44.7%,3,20.1%,79.9%,39.2%,3,91.8%,94.5%,5,57.8%
VDP,80.6%,58.6%,88.1%,72.6%,4,2.7%,71.1%,71%,3,2.4%,72%,2,57.7%
KOS,18.8%,13%,17.8%,14.3%,1,4.3%,27.6%,40.6%,2,32.7%,76.2%,3,27.3%
HUG,17.9%,11.8%,16.6%,13.2%,1,12.5%,90.3%,40%,3,30.5%,12%,2,27.2%
PMG,23%,18.9%,20.9%,16.5%,1,4%,32.2%,41.8%,2,1.2%,86.3%,3,27.2%
DPP,13.3%,6.3%,61.1%,62.4%,2,8.3%,13%,36.4%,1,22.6%,21.3%,2,27.2%
GVR,15.5%,8.9%,15.3%,12%,1,12.4%,75.5%,39.3%,3,25.9%,84.4%,3,32.1%
QLD,24.2%,21.1%,21.5%,16.9%,2,14.9%,94.5%,42%,3,42.4%,10.1%,2,32%
IKH,18.2%,12.3%,17.1%,13.6%,1,12.9%,90.5%,40.2%,3,31.2%,51.6%,3,32%
BSR,9.8%,2%,12.4%,9.7%,1,4.5%,98.6%,38.1%,3,15.8%,97%,3,32%
SPH,26.4%,24.4%,58.4%,40.3%,2,8.5%,4.9%,58.4%,2,46.2%,20.4%,2,32%
KSE,18.9%,13.2%,56.4%,68.7%,2,8%,40.2%,22.3%,2,32.8%,13.6%,2,30.5%
MTP,38.3%,35.5%,30.7%,51.3%,2,7.3%,41.3%,18.7%,2,36.3%,14.5%,2,30.4%
NTT,21.8%,17%,20.2%,15.9%,1,10.8%,93.3%,41.4%,3,38.8%,13.6%,2,30.3%
APF,8.5%,0.5%,53.5%,80.4%,2,1.4%,57.2%,17.1%,2,13.2%,41%,2,30.3%
BLN,9.4%,1.6%,37%,27.6%,1,18.9%,85.3%,71.3%,3,14.8%,6.8%,1,30.3%
TVG,28.8%,27.6%,44.9%,40.6%,2,24.3%,16.4%,26%,2,51%,12.9%,2,30.3%
ATS,42.3%,34.9%,25.5%,24%,2,28.7%,0.9%,32.7%,2,8.1%,74.4%,3,30.2%
TW3,29%,27.8%,34.5%,56.9%,2,7.1%,17.5%,23.8%,1,51.4%,23.5%,2,30.2%
NCP,5.9%,16.1%,9.7%,5.1%,1,79.1%,81.1%,10.3%,3,37.2%,25.1%,2,30%
ILA,18.3%,12.4%,17.2%,13.7%,1,12.7%,54.9%,40.3%,2,31.3%,69.6%,3,30%
DPH,13.2%,6.2%,71.6%,62.4%,2,4.3%,13.2%,62.6%,2,22.6%,13.9%,1,30%
DCI,12.8%,5.5%,38.5%,32%,2,11.1%,70.3%,55.7%,3,20.9%,23%,2,30%
AFX,51.7%,87.4%,64.9%,37.7%,4,89.3%,40.1%,90.3%,4,12.8%,45%,2,57.7%
NTC,98.6%,79.2%,62.5%,95.8%,5,0.5%,22%,42.8%,2,38.6%,78.4%,3,57.6%
ITQ,40.2%,52.8%,29.1%,25.5%,2,93.5%,53.3%,54.2%,4,91%,78.9%,5,57.6%
ACE,73.5%,58.6%,94.1%,93.2%,4,3.9%,73.1%,57%,3,12.4%,52.6%,2,57.6%
EBS,63.3%,70.8%,48.4%,32.2%,3,64.1%,38.2%,85.7%,4,56.6%,59.2%,3,57.6%
DP3,94.5%,65.3%,95.6%,91.1%,5,31.6%,7.7%,69%,2,1.1%,61.3%,2,57.5%
BCE,55.6%,78.6%,36.6%,41.4%,3,80.5%,51.5%,34.7%,3,62.5%,76.1%,4,57.5%
ACL,58.6%,75%,36%,37.6%,3,83%,65.3%,29.8%,3,67%,65.4%,4,57.5%
AVC,8.8%,0.7%,11.4%,8.9%,1,3.5%,82.8%,37.5%,3,13.6%,28.9%,2,21.8%
NNB,38.4%,37%,19.9%,21.9%,2,59.1%,34.6%,30.7%,3,38%,8.7%,2,32%
NS2,41.4%,35.3%,31%,26.1%,2,31.8%,0.5%,62.8%,2,38.4%,21%,2,32%
MGG,20.1%,14.8%,67.7%,85.9%,3,0.6%,2.7%,33.5%,1,35.1%,27%,2,31.9%
DL1,39.9%,33.9%,27.4%,24.6%,2,29.1%,0.1%,67.3%,2,11.5%,52.2%,2,31.8%
DNR,13%,5.9%,38.9%,54.1%,2,16.6%,87.7%,45.2%,3,22.1%,3.1%,1,31.8%
BCP,45.3%,44.1%,36.7%,34.7%,3,16.1%,10.8%,31.1%,1,14%,52.3%,2,31.7%
HRG,17.7%,11.6%,28.8%,25.3%,2,19.9%,90.1%,40.5%,3,29.8%,5.6%,1,29.9%
AFC,32.2%,32.1%,11%,8.5%,2,46.3%,25.5%,52.6%,3,12.7%,77.9%,3,33.2%
BTN,10%,2.2%,12.5%,9.7%,1,10.9%,85.7%,38.1%,3,16.3%,10.2%,1,21.7%
GTD,15.3%,8.7%,15.1%,12%,1,14.3%,56.3%,34.9%,2,25.7%,10.6%,1,21.4%
DGT,12.8%,5.7%,13.8%,20.4%,1,14.1%,13.9%,34.5%,2,21.3%,56.3%,2,21.4%
ACS,8.2%,0.1%,36.1%,65.1%,2,8.7%,13.3%,24.1%,1,12.5%,22.5%,1,21.2%
DAS,12.6%,5.3%,38.2%,28.2%,2,91.4%,15.8%,62.7%,3,20.4%,10.4%,1,31.7%
RGC,7.2%,21.7%,10.1%,7.4%,1,66.9%,4.8%,89.7%,3,43.2%,34.3%,2,31.7%
SVH,27%,25.3%,22.7%,17.6%,2,10.1%,10.5%,42.3%,2,47%,82.2%,4,31.6%
BT1,9.9%,2.1%,53.9%,57.8%,2,6.2%,69.1%,40.1%,2,15.9%,13%,1,29.8%
H11,15.5%,9%,28.1%,28.8%,2,21.6%,81.6%,35.6%,3,26.1%,21.3%,2,29.7%
MND,20.3%,15.1%,19.5%,15.4%,1,15.5%,92.4%,41.1%,3,35.5%,12.7%,2,29.7%
C36,10.4%,2.6%,25.8%,38.2%,1,9.3%,85.7%,30.7%,3,16.9%,1.1%,1,24.5%
HFS,16.6%,10.1%,15.8%,12.5%,1,3.2%,89.3%,39.6%,3,27.6%,4.7%,1,24.4%
NPS,4.8%,16.8%,7.4%,5.2%,1,40.9%,2.6%,37.6%,2,79%,24.9%,3,24.4%
FRM,14.7%,7.8%,14.7%,11.5%,1,13.4%,88.5%,39.1%,3,24.7%,3.9%,1,24.3%
ANT,8.4%,0.4%,36.4%,37.8%,2,13.3%,48.4%,23.9%,2,13.2%,36%,2,24.2%
VNA,1.3%,30%,4.7%,0.1%,1,26.1%,11.4%,13.3%,1,70.1%,60.5%,4,24.2%
GLW,15.1%,8.5%,15.1%,11.9%,1,9.8%,88.7%,39.2%,3,25.5%,4.2%,1,24.2%
DSV,13.6%,6.6%,27.7%,54.4%,2,21.1%,88%,25.4%,3,23%,38.9%,2,33.2%
FT1,14.7%,7.9%,93%,94.9%,3,1.1%,6%,40.1%,1,24.9%,15.1%,1,33.1%
MKV,34.5%,33.3%,19.4%,15.3%,2,54.1%,69.9%,31.9%,3,8.9%,30.3%,1,33.1%
HU6,17.8%,11.8%,67.2%,50.5%,2,17%,2.8%,62.2%,2,30.4%,38.6%,2,33.1%
HEC,16.2%,9.7%,66.8%,54.7%,2,4.9%,18.2%,66.1%,2,27.2%,33.4%,2,33%
HNA,34.9%,33.7%,16.1%,12.7%,2,53.9%,47.4%,37.9%,3,28.8%,31.5%,2,33%
AGX,8.4%,0.3%,91.2%,75.6%,3,3.1%,8%,82.1%,2,13%,14.9%,1,33%
LM7,1.4%,14%,4.1%,2%,1,88.4%,40.4%,24.6%,3,64.5%,56.8%,4,32.9%
NBR,21%,16%,62.4%,66.8%,3,17.1%,18%,42.4%,2,37%,15.1%,2,32.9%
L45,33.2%,34.5%,18.2%,14.6%,2,92.1%,17.2%,18.4%,3,33.2%,34.3%,2,32.9%
TBT,27.4%,25.8%,2.2%,99.1%,2,24.1%,4.1%,28.4%,1,47.8%,37.1%,3,32.9%
MCI,19.9%,14.5%,4.9%,98.8%,2,20.7%,63.8%,31%,2,34.6%,7.3%,2,32.8%
CQT,4.2%,4.5%,7.2%,3.2%,1,76.3%,46.5%,10%,3,19.7%,18.4%,1,21.1%
BUD,10.1%,2.3%,12.6%,9.9%,1,9.4%,43.2%,38.2%,2,16.6%,46.9%,2,21%
DAR,12.5%,5.2%,47.9%,49.5%,2,11.7%,2.2%,28%,1,20.3%,12%,1,21%
DHB,4.4%,5.7%,7.2%,1.4%,1,58%,49.5%,20.2%,3,21.4%,19.1%,2,20.8%
BPW,9.6%,1.8%,12.2%,9.5%,1,13.8%,85.5%,37.9%,3,15.2%,0.7%,1,20.7%
CAT,10.5%,2.8%,12.9%,10.1%,1,19.7%,26.1%,38.4%,2,17%,46.8%,2,20.5%
CAG,10.5%,2.8%,12.8%,10%,1,1.8%,1.6%,38.3%,1,89.9%,15.2%,3,20.3%
BHK,9.3%,1.4%,11.9%,9.3%,1,10.5%,85.1%,37.9%,3,14.6%,0.4%,1,20.1%
HSI,17.8%,11.7%,28.9%,2.5%,1,23.2%,5.8%,49.4%,2,9.4%,32.7%,2,20.1%
HAV,15.9%,9.3%,15.5%,12.2%,1,17.5%,0.3%,39.4%,1,26.5%,43.5%,2,20%
BHT,2.4%,1.4%,5.2%,0.9%,1,31.8%,17%,20.6%,2,74.1%,26.2%,3,20%
DSC,13.4%,6.4%,13.9%,10.8%,1,0.4%,0.7%,38.6%,1,22.8%,72.3%,3,19.9%
CT6,2.7%,4.7%,5.3%,3.2%,1,76.1%,39.6%,27.5%,3,7.2%,11.4%,1,19.7%
HEJ,16.3%,9.8%,55.6%,54.7%,2,8.4%,17.4%,49%,2,27.2%,45.4%,2,31.5%
HHN,16.8%,10.3%,28.3%,20.7%,1,11.6%,89.5%,72.9%,3,28%,4.9%,1,31.4%
ISG,1.8%,12.6%,6.8%,50.7%,1,23.3%,90.7%,26.9%,3,31.7%,37.8%,2,31.4%
DTG,13.8%,6.8%,54.9%,65.7%,2,6.1%,45.9%,39.7%,2,23.1%,25.4%,2,31.3%
DSG,13.4%,6.4%,4.5%,97.5%,2,14.1%,87.9%,25.5%,3,22.8%,8.7%,1,31.2%
DSS,13.5%,6.5%,38.9%,49.8%,2,14.2%,88%,42.8%,3,22.9%,3.3%,1,31.1%
TIE,3.2%,26.6%,6.4%,5.4%,1,86.7%,12%,89.6%,4,9.1%,40.9%,2,31.1%
SPV,26.4%,24.5%,7.1%,4.3%,1,18%,59.2%,28%,2,46.3%,65.1%,3,31%
PVR,7.2%,20.3%,9.9%,8%,1,93%,20.5%,35.2%,3,3.5%,18.2%,1,24%
BQB,9.7%,1.9%,12.2%,9.6%,1,17.8%,85.5%,38%,3,15.3%,25.4%,2,23.9%
E1SSHN30,14.1%,7.1%,14.2%,11.1%,1,14.3%,88.2%,38.8%,3,23.7%,3.5%,1,23.9%
FTI,3.4%,8%,3.1%,3.4%,1,49.9%,15.2%,72.8%,3,24.9%,33.2%,2,23.8%
DLD,12.9%,5.8%,8.3%,5.5%,1,60.6%,58.8%,32.7%,3,21.5%,8.4%,1,23.8%
FHN,14.6%,7.8%,14.6%,11.4%,1,2.2%,88.4%,39%,3,24.5%,9.2%,1,23.5%
NLS,21.4%,16.4%,30.9%,21.8%,2,12.6%,93%,60.8%,3,37.8%,8.7%,2,33.7%
L44,3.2%,13.4%,8.4%,3%,1,88%,21.5%,12%,3,95.8%,58.3%,4,33.7%
SSM,2.8%,24.9%,6.3%,3.9%,1,49.1%,36.1%,49%,3,71.1%,59.1%,4,33.6%
PTM,23.6%,19.9%,6.1%,5.3%,1,21.4%,74.3%,95.3%,4,10.4%,38.8%,2,32.8%
CDH,10.9%,3.2%,37.7%,27.8%,1,21%,86.1%,79.5%,4,17.8%,11.3%,1,32.8%
VCT,29.5%,28.4%,35.3%,64.4%,2,36.9%,0.1%,15.9%,1,52.3%,32.1%,3,32.8%
V15,1.1%,28.1%,2.6%,0.3%,1,82%,39%,15.3%,3,85.7%,41.2%,4,32.8%
TEL,27.6%,26.2%,9.1%,5.9%,1,16.9%,34.2%,49.8%,2,48.3%,75.8%,4,32.7%
GCB,14.9%,8.3%,66.4%,62.5%,2,18.5%,15.9%,58.1%,2,25.1%,23.6%,2,32.6%
BDF,9.1%,1.1%,60.1%,70.3%,2,6.8%,84.9%,37.5%,3,14.1%,9.7%,1,32.6%
EMS,14.3%,7.4%,14.5%,11.3%,1,1.2%,23.2%,38.9%,2,24.1%,39.7%,2,19.4%
FCS,2.6%,7.6%,5.3%,2.1%,1,37.8%,57.8%,14.1%,2,24.5%,19.8%,2,19.1%
HFT,16.6%,10.1%,15.9%,12.6%,1,4.5%,15.6%,39.7%,1,27.7%,27.4%,2,18.9%
LIC,4.5%,13.8%,8.4%,3.4%,1,44.5%,26.3%,14.1%,2,33.8%,21.4%,2,18.9%
NOS,21.6%,16.6%,4.2%,36.7%,1,25%,11.2%,22.8%,1,38.1%,34.7%,2,23.4%
HFB,16.4%,9.9%,39.9%,36.1%,2,14.5%,10.3%,41.2%,2,27.5%,13.5%,2,23.3%
HNI,17.2%,10.9%,16.1%,12.8%,1,2.5%,48.3%,39.8%,2,29.1%,32.3%,2,23.2%
FUCVREIT,14.8%,8.1%,14.9%,11.7%,1,13%,46.1%,40.7%,2,0.1%,57.3%,2,23%
PCF,6.8%,17.9%,9.7%,7.2%,1,45.3%,38.7%,29.1%,2,39.5%,12.7%,2,23%
BBM,9%,1%,11.6%,9.1%,1,11.4%,77.3%,37.7%,3,13.9%,34.1%,2,22.8%
BCM,9.1%,1.1%,11.8%,9.2%,1,3.9%,35.9%,37.8%,2,13.9%,82.4%,3,22.8%
MMC,20.3%,15.1%,1.3%,1.8%,1,23.8%,5%,37.7%,2,82.2%,17%,3,22.7%
SAP,4.9%,22.4%,3.9%,3.9%,1,54.9%,42.6%,46.1%,3,9.9%,15.9%,1,22.7%
DBH,12.6%,5.3%,38.4%,28.3%,2,14%,19.2%,52%,2,20.5%,13.3%,1,22.6%
L63,19.1%,13.4%,18.3%,29.5%,2,16.7%,7.1%,19.1%,1,33.2%,47.2%,3,22.6%
AST,8.7%,0.7%,11.2%,8.7%,1,0.3%,37.8%,37.5%,2,7.6%,87.4%,3,22.2%
SBD,25.2%,22.4%,51.4%,72%,3,7.6%,12.8%,29.3%,1,43.9%,38.1%,3,33.6%
SVG,37.6%,36.8%,33.1%,23%,2,64.9%,4.2%,39.9%,2,46.9%,15.7%,2,33.6%
DP2,35.4%,34.3%,13.9%,10.7%,2,53.4%,54.9%,42.6%,3,22.4%,35.2%,2,33.6%
BLT,9.5%,1.6%,86.6%,65.2%,3,3.4%,8.6%,89.9%,2,14.9%,22.9%,1,33.6%
HTW,32.6%,32.4%,16.5%,13.1%,2,55.9%,90.3%,24.3%,3,30.3%,5.8%,1,33.5%
VFC,6.1%,28.8%,10.6%,7.7%,1,74.6%,16.7%,52.2%,3,65.1%,39.4%,3,33.5%
DT4,13.6%,6.6%,39%,42.3%,2,66.8%,74%,24.8%,3,23%,3.3%,1,32.6%
SON,26.2%,24.2%,22.5%,17.5%,2,18.3%,72.6%,42.2%,3,45.8%,22.8%,2,32.5%
ASD,8.6%,0.6%,25.3%,34.5%,1,99.2%,6.6%,32.9%,3,13.4%,69.4%,3,32.3%
D11,43.6%,38.7%,27%,24.4%,2,51.8%,23.3%,34.3%,2,1.9%,45.3%,2,32.3%
SQC,7.1%,24.6%,9%,7.6%,1,26.3%,79%,67.7%,3,12.2%,56.9%,2,32.3%
GTC,15.3%,8.6%,2.4%,99%,2,22.1%,88.8%,59.5%,3,25.7%,4.3%,1,36.2%
TAG,2.9%,25.5%,5.1%,1.8%,1,29.2%,14.9%,19.2%,2,2.6%,68.3%,2,18.8%
QNC,0.4%,21.2%,2.9%,0.5%,1,47.4%,29.6%,11.1%,2,4.3%,49.8%,2,18.6%
AG1,8.3%,0.2%,11.1%,8.6%,1,8.2%,46.7%,37.4%,2,12.8%,32.5%,2,18.4%
CNH,36.5%,34.7%,26.4%,20.1%,2,43.9%,22.1%,94%,3,19.4%,13.5%,1,34.5%
SUM,26.9%,25.2%,22.6%,17.6%,2,12.8%,95.6%,42.3%,3,46.8%,11.4%,2,33.5%
TA3,27%,25.4%,22.8%,17.7%,2,11.2%,95.8%,42.4%,3,47.3%,11.6%,2,33.5%
S27,25.1%,22.2%,6.1%,86.1%,2,20.4%,35.1%,27%,2,66.6%,12.9%,2,33.5%
PGV,22.6%,18.4%,20.8%,16.4%,1,7%,77.6%,41.7%,3,39.8%,57.3%,3,33.5%
TEC,27.6%,26.1%,23%,23%,2,19.6%,96.1%,26.2%,3,48.2%,12%,2,33.5%
NVP,22%,17.2%,31.1%,22.1%,2,20%,93.4%,72.3%,4,39%,9%,2,36.2%
DC4,48.4%,48.7%,38.4%,46.1%,3,39.4%,19.9%,30.4%,2,4.7%,50.2%,2,36.2%
D26,12.3%,5%,65.8%,80.5%,3,17.9%,87.2%,34.4%,3,20.2%,2.6%,1,36.2%
HCS,16%,9.5%,55.5%,70.8%,2,19.3%,60.1%,45.1%,3,26.8%,22.7%,2,36.2%
NUE,22%,17.2%,68.2%,59.7%,3,16.3%,1.4%,65.5%,2,38.9%,35.4%,2,36.1%
X20,31.7%,31.7%,24.9%,19.5%,2,5.4%,63.6%,43.8%,2,78.7%,25.7%,3,36.1%
DPG,13.2%,6.1%,66.1%,88.4%,3,0.9%,3.1%,41%,1,22.5%,82.8%,3,36%
YTC,31.9%,31.9%,46%,85.3%,3,0.7%,5.3%,25.5%,1,56.4%,41.1%,3,36%
VIW,30.1%,29.4%,24.3%,18.9%,2,21.6%,60.7%,43.1%,3,53.7%,41.6%,3,35.9%
RIC,3.5%,21.8%,3.8%,4.1%,1,84.3%,83.9%,68.5%,4,2.4%,51.2%,2,35.9%
VTI,31.3%,31.2%,0.6%,91.6%,2,22.7%,40.8%,31%,2,55.4%,18.7%,2,35.9%
SJM,26%,24%,7%,3.5%,1,24.7%,61.6%,19.1%,2,96.4%,59.9%,4,35.8%
TCR,3.6%,26%,6.6%,4.6%,1,96.6%,73%,44.2%,4,4.5%,63.1%,2,35.8%
SDB,25.5%,23.1%,22%,5%,1,23.6%,36.2%,35.1%,2,99.8%,39.8%,4,34.5%
RBC,24.6%,21.6%,32.2%,26.4%,2,8.6%,77.9%,66.2%,3,43%,10.3%,2,34.5%
SHX,25.8%,23.8%,32.6%,52.2%,2,21.1%,66.3%,29.7%,2,45.1%,13.8%,2,34.5%
HAM,15.8%,9.3%,61.6%,80.7%,3,5.9%,41.9%,25.9%,2,26.4%,41.9%,2,34.4%
VBH,39.1%,35%,45.2%,31.3%,2,27.8%,4.3%,92.5%,3,10.6%,15.3%,1,33.5%
IDC,18.1%,12.2%,16.9%,13.4%,1,4.7%,83.6%,40.1%,3,30.9%,80.5%,3,33.4%
THW,35%,33%,23.1%,17.9%,2,37.6%,19.1%,67%,3,48.6%,18%,2,33.3%
TAW,64.2%,42.9%,33.2%,34%,3,30.5%,2%,31.9%,2,47.5%,13.8%,2,33.3%
BSG,37.2%,35.9%,12.3%,19.8%,2,60%,30.7%,66.4%,3,15.5%,21.9%,1,33.3%
SAL,25.1%,22.3%,21.8%,17%,2,15.8%,59.6%,59.3%,3,43.7%,33.9%,2,33.2%
HU1,49.3%,51.1%,16.6%,29.2%,2,13.4%,13.7%,36.2%,2,71.1%,64.6%,4,38.4%
VN30F1M,30.4%,29.7%,24.4%,18.9%,2,0.2%,84.5%,43.2%,3,54.3%,59.8%,3,38.4%
PXC,2.3%,20.7%,1.4%,98.6%,2,25.5%,94.2%,27.2%,3,42.1%,9.9%,2,35.8%
CE1,11%,3.3%,65.4%,65.4%,2,18.7%,86.2%,42.7%,3,17.9%,12%,1,35.8%
CCT,32%,32%,13.2%,10.3%,2,56%,86%,74%,4,17.6%,1.4%,1,35.8%
PIT,1.6%,18.6%,5.5%,2.7%,1,81.8%,75.9%,26.3%,4,60.3%,48.4%,3,35.7%
SRB,26.5%,24.7%,1.6%,3.1%,1,95.9%,20.9%,93%,4,3.2%,52.2%,2,35.7%
PJS,22.8%,18.6%,57.2%,43.9%,2,9.9%,57%,51.2%,2,40%,20.6%,2,35.7%
DDM,0.5%,5.6%,3.4%,68.3%,1,24.5%,61.3%,37.4%,3,84.6%,35%,3,35.6%
SNZ,26.1%,24.1%,22.4%,17.4%,2,9.7%,81.8%,42.1%,3,45.7%,51%,3,35.6%
PPG,1.5%,19.3%,2.5%,0.7%,1,97.4%,93.9%,9.2%,4,66.1%,29.7%,3,35.6%
VPG,30.9%,30.5%,24.7%,19.2%,2,6.6%,62.8%,43.5%,2,9.2%,81.8%,3,34.4%
DTV,14%,7%,88.6%,73.4%,3,6.9%,4%,79%,2,23.4%,13.2%,1,34.4%
MLC,20.2%,14.9%,30.4%,21.6%,2,16%,92.3%,71.2%,3,35.4%,7.8%,2,34.4%
TQN,28.1%,26.8%,69.9%,89.3%,3,2.6%,9.5%,18.1%,1,49.7%,14.7%,2,34.3%
FUESSV50,14.9%,8.2%,14.9%,11.8%,1,7.7%,30.9%,39.2%,2,85.7%,85.7%,5,33.2%
NAW,7.8%,15.9%,19.7%,15.6%,1,77.6%,98.4%,60.7%,4,36.8%,12.8%,2,38.4%
VTG,6.9%,31.1%,10.8%,7.8%,1,62.8%,97.7%,58.2%,4,55.3%,14.1%,2,38.3%
DND,37.2%,34.6%,48.1%,35.7%,2,41.8%,8.4%,56.9%,2,21.7%,60.3%,3,38.3%
HDO,3.8%,9.7%,4.1%,2.8%,1,97.8%,57.3%,27.8%,4,79.5%,60.6%,4,38.2%
NPH,21.6%,16.7%,30.9%,22%,2,8.9%,72%,93.2%,3,38.2%,39.6%,2,38.1%
EIC,34.8%,34.2%,14.3%,11.2%,2,69.1%,59.1%,74.2%,4,23.9%,20.4%,2,37.9%
HKP,16.8%,10.5%,55.7%,46.6%,2,20.9%,67%,45.8%,3,28.3%,27.1%,2,35.4%
TGP,27.7%,26.3%,33.4%,72.4%,2,18.4%,27.5%,19.5%,2,48.4%,45.5%,3,35.4%
VDT,29.6%,28.5%,79.6%,64.5%,3,5.5%,29.4%,53.5%,2,52.6%,18.3%,2,40.2%
DOC,13%,6%,54.8%,35.7%,2,12%,52.1%,92.2%,3,22.3%,31.7%,2,35.5%
RTH,24.9%,22%,32.3%,52.2%,2,20.3%,59.5%,31.4%,2,43.4%,33.8%,2,35.5%
ORS,7.3%,17.7%,8.6%,4.3%,1,57%,26.6%,41.6%,3,79.6%,65.7%,4,34.3%
VN30F2Q,30.6%,29.9%,24.6%,19.1%,2,0%,84.4%,43.4%,3,54.5%,22.5%,2,34.3%
VN30F1Q,30.5%,29.8%,24.5%,19%,2,0.1%,84.5%,43.3%,3,54.3%,21.6%,2,34.2%
CBI,50.5%,70%,13%,24.2%,2,37.9%,85.8%,7.2%,3,17.1%,1.2%,1,34.1%
DCF,12.7%,5.4%,60.7%,46.1%,2,19.1%,34.8%,61.8%,2,20.9%,45.6%,2,34.1%
BVG,10.1%,2.4%,8.2%,5.1%,1,94.7%,9.4%,34.4%,3,71%,71.8%,4,34.1%
KSC,18.9%,13.1%,62.2%,43.3%,2,25.3%,47.5%,52.7%,3,32.8%,10.7%,2,34.1%
RAT,24.5%,21.5%,51.2%,60.1%,2,17.2%,47.6%,24.9%,2,42.9%,17.1%,2,34.1%
PX1,24%,20.6%,57.8%,93%,3,14.9%,26.8%,18.1%,1,42%,9.9%,2,34.1%
STL,26.8%,25%,7.8%,40.3%,2,24.7%,22.5%,25.1%,2,91.2%,35.9%,4,33.2%
MTM,0.9%,15.7%,0%,99.9%,2,22.6%,92.6%,22.6%,3,36.2%,8.2%,2,33.2%
HCI,15.9%,9.4%,39.7%,39%,2,21.7%,89.2%,46.5%,3,26.8%,10.1%,1,33.2%
BHC,9.2%,1.3%,8%,53.3%,1,22.4%,31.8%,28.6%,2,87.6%,56.6%,4,33.2%
LTC,4.7%,14.3%,9.6%,6.7%,1,98.2%,33.1%,38.2%,3,82.4%,53.6%,4,37.9%
DTN,13.9%,6.9%,48.2%,38.6%,2,22.4%,88.2%,52.2%,3,23.3%,46.6%,2,37.8%
B82,37.6%,48.1%,11.4%,19.7%,2,96%,59.8%,11.9%,3,6.8%,48.3%,2,37.7%
OIL,22.2%,17.6%,20.5%,16.1%,1,5.6%,82.2%,41.5%,3,39.1%,94.3%,4,37.7%
NSG,21.8%,16.9%,68%,55.5%,3,11.1%,28.8%,52.3%,2,38.6%,46.7%,3,37.7%
KHS,18.6%,12.9%,17.6%,14.1%,1,10.4%,71.7%,40.5%,3,61.1%,71%,4,35.3%
BLI,36.1%,36.1%,12.1%,9.5%,2,19.3%,55.2%,96.4%,3,14.7%,38.5%,2,35.3%
CMS,7.7%,4.3%,13.5%,10.5%,1,93.1%,62.2%,49.8%,4,9.1%,67.7%,2,35.3%
NGC,47.3%,42.8%,30.8%,33.2%,2,53.1%,10.5%,16%,2,58.2%,25.2%,3,35.2%
NVT,0.9%,17.3%,0.5%,1%,1,51.6%,4.6%,49.9%,2,97.2%,93.4%,5,35.2%
X18,0.1%,31.6%,4.5%,99.4%,2,22.2%,17.7%,24.9%,2,55.9%,60.8%,3,35.2%
VPI,31%,30.6%,24.7%,19.3%,2,2%,49.9%,43.5%,2,76.9%,82.7%,4,40.1%
UEM,53.5%,39.9%,64%,61.1%,3,33.5%,0.3%,41.7%,2,51.6%,15.4%,2,40.1%
TTS,47.8%,61.6%,44.8%,56.8%,3,46.2%,28%,12.6%,2,50.7%,12.7%,2,40.1%
TTR,48.2%,38%,34.3%,23.4%,2,30.6%,16.8%,93.3%,3,50.6%,25.5%,2,40.1%
ICN,40.6%,35.1%,29%,73.8%,3,34.5%,25.2%,51.9%,2,30.9%,39.2%,2,40%
VCR,6.1%,28.3%,9.1%,5.9%,1,90.3%,42.1%,21.2%,3,93%,64.5%,4,40%
CNC,11.8%,4.3%,96.4%,89.9%,3,2.1%,33.3%,75.1%,2,19.3%,26.9%,2,39.9%
I10,32.6%,34.7%,1.8%,99.2%,3,24.6%,90.4%,39.1%,3,30.7%,5.9%,1,39.9%
HRB,17.6%,11.5%,90.3%,73.6%,3,5.3%,27.6%,90.2%,3,29.7%,12.8%,2,39.8%
BBS,51.4%,56.2%,25.5%,31.7%,3,80%,47.2%,21.3%,3,5.3%,39.4%,2,39.8%
QBR,24.1%,21%,51.1%,63.7%,2,17.2%,94.5%,34.7%,3,42.2%,10.1%,2,39.8%
BT6,45.9%,58.9%,12.4%,19.9%,2,92.2%,48%,24.7%,3,15.9%,38.6%,2,39.6%
DDV,37.7%,38.1%,27.1%,20.3%,2,61.5%,50.4%,26.9%,3,21.1%,73.4%,3,39.6%
BDW,49.1%,44.1%,36.8%,34.8%,3,48.6%,1.9%,55.1%,2,14.3%,72.1%,3,39.6%
PVH,6%,20.1%,9.9%,4.9%,1,97.6%,94.1%,36.4%,4,41.6%,45.9%,3,39.6%
PMJ,46.6%,40.1%,50.3%,39.5%,3,70.9%,10.7%,68.2%,3,40.2%,9.5%,2,41.8%
YBC,31.8%,31.8%,25.1%,41.2%,2,32.5%,0%,10.4%,1,91.6%,41.5%,4,34%
NWT,22.1%,17.4%,20.3%,22.2%,2,20.2%,93.4%,61.9%,3,39.1%,9.1%,2,34%
LM3,3.1%,13.9%,8.5%,32.8%,1,24.8%,91.5%,25.4%,3,58.8%,47%,3,34%
SCC,25.3%,22.6%,5%,1.9%,1,83.1%,63%,20.2%,3,57.8%,25%,3,33.8%
CH5,11.4%,3.7%,65.5%,53.7%,2,3.2%,86.4%,60%,3,18.4%,1.7%,1,33.8%
THU,27.8%,26.5%,33.5%,40.4%,2,10.6%,96.4%,43.5%,3,48.6%,12.1%,2,37.7%
VPK,2.2%,30.7%,4.4%,2.6%,1,74.8%,82.9%,23.6%,4,71.9%,44.6%,3,37.5%
EIN,36.2%,40.2%,14.4%,20.5%,2,93.4%,28.9%,46.1%,3,23.9%,34.1%,2,37.5%
DBW,34.1%,33.2%,13.6%,10.6%,2,58.2%,87.4%,76.3%,4,20.7%,2.7%,1,37.4%
ICC,18%,12%,84.4%,98.5%,3,1.4%,3.4%,42.6%,1,30.7%,25.9%,2,35.2%
MES,6.2%,14.7%,6.9%,6.3%,1,56.1%,92%,91.2%,4,34.9%,7.5%,2,35.1%
PKR,22.8%,18.7%,31.5%,51.8%,2,19.8%,72.6%,24.4%,2,40.1%,34%,2,35.1%
SJG,25.9%,23.9%,22.4%,17.4%,2,18.2%,61.6%,42.1%,3,45.3%,59.2%,3,35.1%
PTO,23.6%,19.9%,42.8%,39.6%,2,10.1%,45.2%,64.2%,2,41.4%,28.8%,2,35.1%
PVO,23.9%,20.3%,42.9%,30.3%,2,20.3%,27.9%,65%,2,41.8%,83.4%,4,39.5%
HPT,17.5%,11.4%,40.1%,55%,2,84.6%,51.9%,34.9%,3,29.5%,31%,2,39.5%
SFT,25.7%,23.6%,43.7%,30.5%,2,22.5%,95.1%,58.4%,3,44.8%,10.8%,2,39.5%
RLC,24.8%,21.9%,43.2%,52.1%,2,15.1%,94.7%,23.3%,3,43.3%,36.6%,2,39.4%
DCT,0.8%,5.5%,1.9%,98.6%,2,24.5%,61.2%,29.7%,2,86.4%,46.4%,4,39.4%
AMP,60.3%,56.1%,25.2%,45.6%,3,48.2%,43.1%,22%,2,13%,41.5%,2,39.4%
SHG,25.7%,23.7%,4.3%,99.7%,2,22.8%,70.4%,32.9%,3,45.1%,27.8%,2,39.2%
PXA,5.3%,20.7%,6.6%,1.2%,1,53.2%,94.1%,14.5%,3,96.4%,83.8%,5,41.8%
S96,35.3%,63.7%,21.7%,8%,2,25.1%,53.6%,25.8%,2,90.3%,51.5%,4,41.7%
NAC,20.9%,15.8%,56.9%,71.4%,3,19.4%,24.8%,40.8%,2,36.7%,16.4%,2,33.7%
CEG,11.1%,3.4%,47.1%,61.9%,2,15.7%,74.3%,38.9%,3,18%,33.2%,2,33.7%
HDB,16.1%,9.6%,15.7%,12.4%,1,1.3%,49%,39.5%,2,94.5%,98.8%,5,37.4%
QLT,24.3%,21.1%,63%,67.2%,3,12.2%,26.5%,51.1%,2,42.4%,28.4%,2,37.4%
CTC,37.1%,40.6%,13.6%,20.2%,2,89.9%,46.8%,22.8%,3,3.6%,40.1%,2,35%
TCJ,27.4%,25.9%,22.9%,17.8%,2,22.6%,95.9%,42.5%,3,47.8%,11.8%,2,35%
CMI,0.7%,4.2%,0.8%,0.2%,1,49.6%,86.7%,6.9%,3,90.8%,75.1%,5,35%
TSD,28.4%,27.2%,23.8%,18.4%,2,15.3%,96.7%,42.9%,3,50.1%,12.6%,2,35%
VIE,40.3%,39.3%,35.6%,31.5%,2,46.1%,3.9%,54.3%,2,11.6%,51.5%,2,34.9%
SDV,25.5%,23.4%,58%,67.3%,3,7.8%,53%,34.3%,2,44.5%,40.7%,3,39.4%
E1VFVN30,43%,37.7%,14.3%,11.1%,2,5.7%,18.5%,40.6%,2,90.5%,92.7%,5,39.3%
LBC,19.1%,13.5%,73.2%,71%,3,13.1%,76.7%,32.2%,3,33.4%,20.6%,2,39.2%
SPC,58.1%,45.5%,63.4%,77%,4,4.1%,10.1%,40.9%,1,46.1%,45.8%,3,43.4%
VNN,30.7%,30.2%,6.7%,6%,1,60.9%,64.8%,82.3%,4,57%,13.8%,2,39.2%
MCG,34.3%,36.5%,19%,15.1%,2,96.8%,35.1%,34.9%,3,4.4%,77%,3,39.2%
CVH,12.2%,4.9%,76.2%,53.9%,2,10.3%,87.1%,86%,4,20%,2.5%,1,39.2%
TOT,35.6%,35.2%,33.9%,23.3%,2,57.9%,8.9%,77.2%,3,49.6%,31.2%,3,39.2%
CCP,52.4%,42.2%,60.3%,38.3%,3,38.7%,5.2%,87%,3,17.4%,10.2%,1,39.1%
POW,23.2%,19.2%,21%,16.6%,1,7.5%,84.1%,41.9%,3,40.7%,97.8%,4,39.1%
VSG,1.9%,30.9%,3.4%,64.9%,2,24%,53.8%,25.9%,2,96.5%,49.1%,4,38.9%
VTM,31.4%,31.3%,45.9%,53%,3,4.9%,97.8%,15.7%,2,55.5%,14.2%,2,38.9%
TVA,28.7%,27.5%,70.3%,77.6%,3,7.8%,10.4%,26.2%,1,50.9%,51.1%,3,38.9%
GGS,32.3%,32.2%,15%,11.8%,2,55.3%,88.6%,84.5%,4,25.3%,4.1%,1,38.8%
HES,40.4%,37.2%,55.7%,32.4%,3,52.8%,7.4%,84.6%,3,27.4%,10.2%,1,38.7%
BTB,53.8%,61.8%,37.2%,38%,3,72.2%,42.8%,26.4%,3,16%,27%,2,41.7%
TFC,41.8%,48.6%,23%,8.2%,2,87.8%,48.9%,49.4%,4,8.3%,59.1%,2,41.7%
BMD,46.8%,52.7%,25.7%,31.9%,2,75.3%,60.1%,43.6%,3,14.9%,24.4%,1,41.7%
HNP,17.3%,11.1%,90.2%,80.8%,3,3.6%,36.6%,71.8%,2,29.1%,33.6%,2,41.6%
GTT,1.4%,8.9%,2.1%,90.1%,2,25.7%,88.9%,22.7%,3,63%,71.8%,4,41.6%
TNM,28%,26.8%,44.7%,77.4%,3,20.9%,12.9%,18.7%,1,49.2%,58%,3,37.4%
AGF,0.3%,0.3%,2.3%,1.7%,1,93%,75.7%,30.7%,4,75.5%,56.5%,4,37.3%
HAC,15.7%,9.1%,15.4%,12.2%,1,22%,70.7%,96.3%,4,26.2%,68%,3,37.3%
DTD,13.7%,6.7%,14.1%,10.9%,1,8.9%,56.1%,38.7%,2,82.9%,81.9%,5,34.9%
TS3,28.2%,27%,23.6%,18.3%,2,15.1%,96.5%,42.7%,3,49.9%,12.4%,2,34.9%
TS5,28.3%,27%,23.7%,18.4%,2,15.2%,96.6%,42.8%,3,50%,12.5%,2,34.9%
TV1,38%,35.3%,23.9%,23.6%,2,46.9%,68.3%,24.1%,3,2%,51.2%,2,34.8%
CHC,11.4%,3.8%,65.6%,82.2%,3,18%,86.5%,25%,3,18.4%,1.8%,1,34.7%
VC5,29.4%,28.2%,2.6%,99.1%,2,77.3%,18.8%,39.3%,3,75.5%,19.8%,3,43.3%
C12,49.4%,45.9%,37.4%,78.4%,3,66.8%,24.7%,24.1%,2,16.8%,46.2%,2,43.3%
NBS,21.1%,16.1%,93.2%,79.4%,3,2.2%,81.5%,50.9%,3,37%,8.4%,2,43.3%
AAM,37.5%,36.2%,10.9%,8.4%,2,86.4%,56.6%,94.2%,4,7.8%,51.3%,2,43.3%
VDN,29.5%,28.4%,52.5%,75.5%,3,16.6%,97.3%,20.7%,3,52.5%,16.3%,2,43.3%
LUT,42.4%,72.9%,29.9%,25.7%,3,97.2%,22.4%,28%,3,0.6%,69.4%,2,43.2%
MCT,55.2%,50.2%,30.2%,36.5%,3,61.8%,91.8%,21.3%,3,34.7%,7.3%,2,43.2%
TTG,28.4%,27.2%,44.7%,26.8%,2,20.6%,72.8%,81.2%,3,50.3%,30.5%,3,42.5%
SDD,6.3%,23.2%,10.3%,6.6%,1,98%,95%,22.6%,4,5.9%,80.7%,3,38.7%
TLP,28%,26.7%,23.4%,18.2%,2,8.1%,74.6%,42.7%,3,48.9%,77.8%,4,38.7%
MTA,5.9%,15.3%,7.4%,5.7%,1,98.4%,75.4%,50.8%,4,35.9%,53.8%,3,38.7%
HBH,37.8%,45.9%,15.5%,25.1%,2,88.9%,64.1%,30.6%,4,26.6%,13.7%,2,38.7%
GND,15.2%,8.6%,94.5%,93.5%,3,5.3%,22.8%,49.7%,2,25.5%,32.6%,2,38.6%
HVX,34.5%,35.7%,16.7%,13.2%,2,89.6%,56.9%,32.7%,3,30.6%,37.9%,2,38.6%
AVF,3%,0.8%,0.4%,34.7%,1,25.6%,84.7%,21.8%,3,99.7%,76.9%,5,38.6%
TH1,0.2%,26.4%,2.2%,99.5%,2,20.5%,68.2%,33.5%,3,60.5%,36.7%,3,38.6%
SSU,26.7%,24.9%,33%,30.7%,2,19.5%,95.4%,53.7%,3,46.6%,15.6%,2,38.5%
VMA,30.3%,29.6%,52.8%,67.8%,3,53.4%,10.2%,30%,2,54.2%,18.4%,2,38.5%
MSR,43.9%,36.3%,30.5%,29.7%,2,40.5%,11.5%,34.5%,2,35.8%,83.9%,3,38.5%
PCN,2.5%,18%,1.2%,2.4%,1,87.5%,42%,78.1%,4,79.9%,34.8%,3,38.5%
BSC,44.9%,40.5%,37.1%,24.1%,2,48.8%,61.1%,88.3%,4,59.3%,0.8%,2,45%
HLA,0.7%,10.5%,0.5%,82.6%,2,25.7%,89.7%,22.5%,3,71.6%,69.7%,4,41.5%
DNW,44.8%,41.6%,27.6%,28.4%,2,62.7%,87.8%,35.1%,4,22.2%,23%,2,41.5%
HIG,36.8%,36.8%,15.9%,20.7%,2,86.6%,20.1%,62.3%,3,28.2%,66%,3,41.5%
NDC,21.1%,16.2%,89.1%,71.5%,3,3%,35.2%,82.1%,3,37.4%,18%,2,41.5%
CTA,5.1%,4.7%,3.9%,3.6%,1,99.3%,87%,43.5%,4,86.7%,38.7%,4,41.4%
PTG,23.5%,19.7%,92.2%,87.7%,3,23.5%,2.9%,71.5%,2,41.3%,9.7%,2,41.3%
BXH,51.1%,47.3%,46.8%,38.2%,3,47.8%,32.5%,50.8%,3,8%,49.3%,2,41.3%
LMI,19.5%,14.1%,56.7%,55.3%,2,13.5%,74.9%,40.5%,3,34.1%,62.7%,3,41.3%
NBE,20.9%,15.9%,81.3%,66.8%,3,18.6%,19%,70.8%,2,36.9%,40.8%,2,41.2%
HLS,17%,10.7%,97.2%,90.1%,3,4.4%,34%,83.3%,3,28.6%,5.2%,1,41.2%
C71,52%,57.5%,25.9%,61.8%,3,67%,30.1%,25.2%,3,17%,34.1%,2,41.2%
WTN,31.6%,31.6%,24.9%,19.4%,2,15.5%,98%,43.7%,3,55.9%,14.4%,2,37.2%
CX8,46.5%,45.6%,26.7%,28%,2,13.9%,34.5%,30%,2,65.3%,44.5%,3,37.2%
CGP,11.2%,3.6%,60.5%,97.8%,3,29.8%,31.6%,23.4%,2,18.2%,58.6%,2,37.2%
CFC,66.7%,77.5%,13.3%,10.4%,3,12.4%,11.7%,78.4%,2,18.2%,23.8%,2,34.7%
SDA,7.9%,23%,22%,17.2%,1,91.8%,53.7%,32.3%,3,1.6%,63%,2,34.7%
HND,54.3%,58.7%,49.1%,46.8%,3,54.8%,20.7%,25.3%,2,28.9%,50.5%,2,43.2%
MTS,54.7%,49.7%,30.7%,47.2%,3,42.8%,92.7%,25.7%,3,36.4%,8.3%,2,43.1%
SJC,36.9%,35.8%,22.3%,22.8%,2,75.1%,11.8%,38.6%,3,68.8%,75.7%,4,43.1%
RCC,34.9%,33.2%,10%,6.9%,2,80.6%,48.6%,36.6%,3,43%,87.9%,4,42.4%
HOT,67.8%,40.7%,77%,54.9%,4,28.4%,0.8%,74.6%,2,4%,32.5%,1,42.3%
DTK,55.8%,54.6%,39.1%,46.4%,3,45.5%,88.1%,19.1%,3,23.2%,8.8%,1,42.3%
SGO,32.7%,34.1%,22.2%,17.3%,2,98.9%,33.9%,58.5%,4,6.1%,76.8%,3,42.3%
VST,1.2%,31%,2.7%,94.7%,2,24.9%,57.6%,31.9%,2,72.6%,64.3%,4,42.3%
VLF,30.3%,29.5%,1.6%,98.9%,3,25.2%,11.4%,31%,2,91.9%,26.5%,3,38.5%
VHD,29.8%,28.9%,45.5%,52.8%,2,17.4%,40.1%,48.3%,2,53.2%,55.1%,3,41.2%
QNW,24.4%,21.4%,68.8%,60%,3,16.8%,83.9%,41.5%,3,42.6%,10.2%,2,41.1%
VTL,56.4%,42.4%,53%,53%,3,31.2%,3.6%,21.3%,1,89.8%,18.8%,3,41.1%
SSF,26.6%,24.7%,0.3%,99.5%,2,21.2%,95.3%,40.7%,3,46.4%,15.3%,2,41.1%
DAP,12.4%,5.1%,80.5%,80.6%,3,6.3%,87.3%,54.5%,3,20.3%,22.1%,2,41%
PTL,6.4%,19.8%,8.9%,6.8%,1,90.3%,30.3%,66.2%,4,65.5%,74.6%,4,41%
NSH,38.4%,36.6%,31.1%,39.4%,2,60.1%,23%,22.6%,2,65.4%,88.4%,4,45%
DFC,69.7%,46.6%,71.4%,92.2%,4,42%,1.3%,33.7%,2,21.2%,25.9%,2,44.9%
VIS,50.3%,38.4%,35.7%,34.3%,2,34.7%,17.4%,37.5%,2,76.5%,79%,4,44.9%
HDP,46.1%,41.6%,48.9%,54.6%,3,57.5%,49.7%,36.7%,3,27%,42.2%,2,44.9%
API,69.8%,52%,53.6%,65.1%,4,34.5%,38.3%,34.8%,2,7.8%,48.2%,2,44.9%
FDC,47.2%,38.2%,39.2%,28.6%,2,39.9%,31.3%,61.3%,3,68.3%,48.8%,3,44.8%
KTT,43.8%,51.2%,40.7%,29.3%,3,83.3%,44.3%,64.3%,4,3.9%,42.3%,2,44.8%
X77,38.5%,98.6%,7.9%,23.9%,3,25.9%,98%,23.6%,3,56%,14.5%,2,43%
CMC,45%,53.6%,26.2%,27.9%,2,87.2%,65.1%,52.8%,4,1.3%,28.3%,1,43%
BTV,59.3%,49.2%,60.3%,49.1%,3,38%,33.4%,62.2%,3,16.5%,18.8%,1,43%
LLM,67.1%,57.8%,29.7%,36.4%,3,69%,6.2%,28.9%,2,33.9%,57.4%,3,42.9%
VES,29.7%,28.6%,0.2%,0.4%,1,79.9%,47.8%,41.4%,3,99.9%,58%,4,42.9%
HDW,45.1%,48%,39.8%,42.7%,3,74.7%,62.6%,31.6%,3,27.1%,14.9%,2,42.9%
PXM,2.1%,20.9%,0.7%,63.6%,2,25.8%,94.3%,23.5%,3,99.7%,55.2%,4,42.9%
NVB,36.6%,35.4%,20.3%,22%,2,63.4%,7.9%,13.5%,2,97%,89.8%,5,42.9%
MEF,20%,14.7%,93.2%,94%,3,23.9%,38.6%,50.3%,2,34.9%,11.3%,2,42.3%
TNW,42.5%,41.8%,33.8%,26.8%,2,78.6%,13.6%,49.1%,3,49.4%,45.1%,3,42.3%
BHA,59.2%,61.8%,46.4%,57.6%,3,44.9%,42.4%,14.3%,2,14.5%,39.3%,2,42.3%
CCR,44.6%,38.5%,37.6%,27.8%,2,39.5%,83.1%,83.4%,4,17.5%,8.2%,1,42.2%
TMT,42%,40%,23.4%,30.9%,2,62.1%,32.7%,17.5%,2,64.6%,65.8%,4,42.1%
PVL,2%,20.2%,1.4%,1.4%,1,82.8%,76.8%,34.3%,4,79.7%,80.7%,5,42.1%
SDP,5.2%,23.4%,10.3%,5.3%,1,96.4%,44.4%,27.8%,3,90.3%,75.5%,5,42.1%
SDU,38.8%,37.1%,22.2%,22.7%,2,78.3%,76.9%,39.2%,4,0.1%,63.6%,2,42.1%
UMC,29.1%,27.8%,34.7%,23.6%,2,15.3%,97%,85.8%,4,51.7%,13.1%,2,42%
LAF,43.3%,42.2%,29.6%,25.6%,2,68.4%,68%,43.2%,3,7.3%,50.6%,2,42%
HHV,52.8%,57.2%,28.4%,42.8%,3,75.8%,59%,21.3%,3,28.1%,12.9%,2,42%
SBS,8.1%,22.5%,21.8%,17.1%,1,41.1%,7%,67.4%,2,98.8%,94.6%,5,42%
FBA,46.9%,98.7%,48.5%,35.9%,3,24.2%,44.3%,51.9%,3,24.3%,3.7%,1,42%
THR,27.8%,26.4%,63.7%,64%,3,19.9%,96.3%,50.3%,3,48.5%,22.7%,2,46.6%
HPP,17.4%,11.3%,95.1%,94.2%,3,1.8%,76.6%,39.3%,2,29.5%,54.6%,3,46.6%
NHV,47.4%,42.6%,50.1%,43.7%,3,46.8%,54.8%,47.9%,3,37.8%,48.3%,3,46.6%
VNH,2%,30.1%,0.3%,0.5%,1,67.6%,97.5%,49.2%,4,94.1%,77.5%,5,46.5%
T12,44.4%,36.4%,44.2%,33.9%,2,33.4%,95.7%,71.7%,4,47.2%,11.5%,2,46.5%
SPI,5.8%,24.5%,32.8%,22.8%,2,96.3%,69.3%,69.2%,4,5.8%,92.4%,3,46.5%
VE1,36%,33.6%,24.1%,18.6%,2,58.9%,4.5%,92.9%,3,74.5%,73.2%,4,46.3%
SD3,3%,22.9%,8.9%,4.5%,1,98.6%,99.3%,16.2%,4,98.6%,64.6%,5,46.3%
TV3,74.3%,51.8%,70.2%,75.3%,4,40.1%,5.5%,49.2%,2,3.7%,46.4%,2,46.3%
BTS,33%,33.4%,12.6%,9.8%,2,88.2%,81.6%,25.6%,4,3.8%,46.6%,2,37.2%
PSN,55.1%,59%,57.6%,44%,3,63.4%,4.1%,69.5%,3,41.1%,17%,2,45.7%
PCM,45.7%,57.6%,31.3%,22.3%,2,91.7%,48.1%,62.5%,4,39.5%,12.9%,2,45.7%
TVP,28.9%,27.6%,89.5%,75.3%,3,1.6%,27.8%,77.4%,2,51.2%,30.9%,3,45.6%
SRT,39.9%,43.4%,32.9%,26.6%,2,84.8%,43.9%,30.4%,3,46.4%,54.6%,3,44.8%
CKV,60.6%,49%,38%,35.2%,3,56.8%,12.2%,46.3%,2,69.3%,33.8%,3,44.6%
SD7,32.4%,32.7%,21.9%,17.2%,2,97%,99.3%,31.4%,4,5.2%,64.5%,2,44.6%
KSV,59.9%,71%,56.5%,55.2%,4,71.2%,5.9%,31.3%,2,32.9%,17.3%,2,44.6%
CC1,66.3%,60.6%,47%,75.7%,4,58.3%,20.8%,37.3%,2,17.2%,17.9%,1,44.6%
VPC,30.9%,30.5%,4.3%,2.4%,1,96.4%,64.6%,19%,3,93.9%,57.3%,4,44.4%
CJC,66.2%,52.8%,37.9%,42%,3,49.4%,83.6%,47.5%,4,18.7%,1.9%,1,44.4%
PPY,72.5%,68.3%,68.6%,67.1%,4,45.7%,20.5%,36.1%,2,2.6%,18.6%,1,44.4%
APP,45.9%,44.5%,36.5%,27.4%,2,65.3%,14%,47.7%,3,59.1%,58.8%,3,44.4%
LEC,50.2%,43%,40.9%,39.3%,3,44.6%,33.4%,41.4%,2,62.1%,44.7%,3,44.4%
MHL,39.1%,38.8%,19.3%,21.5%,2,76.8%,20.3%,31.6%,3,93%,59.1%,4,44.4%
S99,6.4%,22.2%,10.1%,7%,1,91.4%,67.4%,45.2%,4,74.3%,75.2%,4,44.3%
CMW,51.9%,54.2%,47.4%,42.2%,3,54%,54.5%,29.4%,3,19.3%,33.1%,2,42.9%
PSG,23.4%,19.5%,3.3%,81.3%,2,25.5%,38.8%,24.8%,2,97.7%,63.4%,5,42%
TCK,7%,25.9%,44.3%,63.9%,2,59.9%,96%,20.6%,3,47.9%,11.9%,2,41.9%
MVB,59.8%,68.2%,50%,55.4%,3,55.5%,6.1%,21%,2,36.5%,24.2%,2,41.9%
VEC,7.6%,28.6%,24.1%,18.7%,1,88.2%,34.3%,58.9%,4,52.6%,64.3%,3,41.9%
TNB,37%,37.2%,23.5%,23.2%,2,87%,42.8%,35.7%,3,49.1%,41.6%,3,41.9%
HU4,50.6%,57%,28.9%,32.5%,3,81.8%,7%,34.8%,3,30.3%,53.7%,3,41.8%
VIG,7.6%,29.1%,10.7%,8.3%,1,85.4%,7.6%,88%,4,91.4%,88.8%,5,46.3%
PVA,37%,81.6%,21.2%,5.6%,2,25.1%,53.5%,31.8%,2,97.4%,62.3%,4,46.2%
MSC,56.1%,61.2%,41.5%,36.6%,3,75.4%,54.3%,35.2%,3,5%,50.6%,2,46.2%
LKW,19.4%,13.9%,92%,76.4%,3,8%,58.6%,82.5%,3,33.9%,31.3%,2,46.2%
IBC,38.6%,34.1%,49.5%,29.3%,2,32.2%,45%,87.9%,3,11.6%,87.2%,3,46.2%
TRS,28.2%,26.9%,74.9%,80.1%,3,1%,80.8%,48%,3,49.8%,24.9%,2,46.1%
BMJ,9.5%,1.7%,92.7%,78.2%,3,11%,55%,87.9%,3,15%,64.3%,2,46.1%
NTR,33.6%,34%,20.1%,15.9%,2,85.3%,63.4%,35%,4,38.7%,8.9%,2,37.2%
MKT,33.1%,32.6%,1.1%,99.6%,3,7.9%,92.2%,24%,3,35.3%,7.7%,2,37.1%
BEL,32.2%,32.4%,9.3%,7.8%,2,66.4%,85%,86.3%,4,14.4%,0.3%,1,37.1%
NNT,21.5%,16.6%,68%,81.1%,3,6.1%,24.5%,58.7%,2,38%,19.1%,2,37.1%
HGW,48.6%,43.2%,39.9%,28.9%,3,65%,89.5%,62.3%,4,27.8%,4.8%,1,45.6%
TPP,42.6%,41.2%,34%,31%,2,59.1%,59.5%,18.2%,3,80%,44.9%,4,45.6%
IN4,69.7%,40.3%,77.2%,91.3%,4,31.1%,16.8%,40.8%,2,31.5%,11.6%,2,45.6%
NTW,21.9%,17.1%,85.1%,63.2%,3,4.1%,39.9%,91.2%,3,38.9%,48.6%,3,45.6%
HAR,43%,44.2%,48.7%,28.9%,3,73.2%,6.8%,66.3%,3,0.5%,97.4%,3,45.5%
HNM,8%,11%,16.2%,12.8%,1,92.4%,99.7%,40.2%,4,63.1%,66.2%,4,45.5%
BTR,33.7%,33.4%,53.9%,53.5%,3,70.1%,60.5%,37.1%,3,16.4%,9.1%,1,40.9%
CZC,63.9%,80.6%,26.9%,28.2%,3,90.5%,12.6%,35.5%,3,20.1%,9.3%,1,40.8%
PVV,4.1%,20.4%,7.6%,3%,1,92.8%,55.7%,14.3%,3,83.5%,86.2%,5,40.8%
RTS,24.9%,22%,68.9%,94.5%,3,12.2%,43.5%,29.3%,2,43.5%,28.7%,2,40.8%
LCW,33%,32.8%,18.4%,14.7%,2,59.7%,91.3%,76.7%,4,33.6%,6.8%,2,40.8%
V11,29.3%,28%,5.1%,1.1%,1,99.1%,38.9%,9%,3,91.3%,64.8%,4,40.7%
MTG,20.6%,15.5%,41.6%,29.8%,2,85.5%,18%,32.6%,3,64.9%,58.2%,4,40.7%
QNU,24.3%,21.3%,43%,30.4%,2,15%,82.4%,74.8%,3,42.6%,32.5%,2,40.7%
MNC,36.8%,38.2%,19.5%,21.6%,2,86.9%,39.9%,20.3%,3,85.1%,50.7%,4,44.3%
MBS,39.8%,35.5%,18.9%,25.8%,2,37.2%,1.7%,47.2%,2,98.9%,92.5%,5,44.2%
TAP,27.2%,25.6%,87.6%,79.9%,3,15.9%,33.9%,68.8%,2,47.4%,11.7%,2,44.2%
HVG,1.8%,11.9%,5.9%,2.6%,1,85.6%,77.4%,19.6%,4,99.3%,94.1%,5,44.2%
INC,59.5%,62.1%,62.1%,43%,3,64.8%,4.5%,70.1%,3,8.2%,23%,1,44.1%
SVT,42.8%,44.7%,44.1%,26.7%,2,78.9%,30.4%,92.2%,4,62.3%,24.1%,3,49.6%
SPA,64.3%,57.4%,74.5%,52.3%,4,45.3%,7.4%,79.7%,3,45.9%,19.9%,2,49.6%
ACM,5.6%,0.1%,6.8%,5.7%,1,99.3%,68%,73.4%,5,97.2%,90.6%,5,49.6%
NED,48.6%,50.5%,41.8%,59.5%,3,40.3%,15.1%,16.7%,2,37.5%,74%,3,42.7%
DOP,13.1%,6.1%,88.6%,65.7%,3,9.5%,87.8%,86.1%,4,22.4%,3.2%,1,42.5%
SCL,5.5%,22.7%,7.8%,5.8%,1,95.5%,53.6%,48.3%,4,95.1%,48.1%,4,42.5%
NBW,51.8%,47.6%,57%,43.6%,3,56.3%,59.9%,49.2%,3,1%,16.4%,1,42.5%
KGU,18.6%,12.8%,95.8%,94.5%,3,3.4%,13.5%,65.5%,2,32.4%,46.3%,2,42.5%
VIR,30.1%,29.3%,79.9%,52.8%,3,15.4%,46.1%,85.4%,3,53.6%,22.5%,2,46.1%
PSW,50.1%,56.4%,50.6%,36.8%,3,73%,50.9%,70.7%,4,0.9%,24.7%,1,46%
PVX,5%,20.5%,7.7%,3.8%,1,92%,67.2%,24.1%,4,95.9%,97.9%,5,46%
STU,26.8%,25.1%,74.6%,60.4%,3,7.4%,83.7%,76%,3,46.7%,13.5%,2,46%
IHK,70.7%,70.6%,62%,66.4%,4,48.6%,24.9%,31.5%,2,31.1%,22.2%,2,47.6%
PSB,32.8%,33.1%,21.1%,16.6%,2,90.5%,65.7%,83.9%,5,40.9%,44.1%,3,47.6%
RHN,24.7%,21.8%,43.1%,55.9%,2,16.8%,94.7%,22%,3,43.2%,10.4%,2,37%
L43,38.2%,43.5%,18.1%,21.1%,2,98.1%,64.3%,19.1%,4,4.9%,25.7%,1,37%
TBN,27.3%,25.7%,33.3%,37.1%,2,12.8%,95.9%,40.3%,3,47.7%,11.8%,2,36.9%
TLD,27.9%,26.6%,23.3%,18.1%,2,12.3%,80.9%,42.6%,3,4.5%,95.7%,3,36.9%
CGV,11.3%,3.6%,71.1%,45.9%,2,22.9%,44.9%,64%,3,18.3%,49.8%,2,36.9%
VMS,48.5%,45.8%,45.6%,31.6%,3,10.5%,18.1%,74.6%,2,5.3%,51.2%,2,36.8%
FSC,49.2%,49.1%,55.3%,36.1%,3,61.9%,33.6%,95.3%,4,24.7%,4%,1,45.5%
UPH,46.2%,39.7%,34.8%,31.2%,2,43.4%,97%,39.5%,3,51.8%,25%,2,45.4%
HHR,48.3%,49.9%,40%,62.7%,3,63.5%,89.6%,21.6%,3,28%,5%,1,45.4%
MPY,20.4%,15.2%,77.8%,51.2%,3,13.2%,92.4%,94.6%,4,35.6%,7.9%,2,45.4%
DTT,48.8%,49.9%,48.3%,32.1%,3,73.6%,47.1%,68.5%,4,3%,36.2%,1,45.3%
UPC,29.1%,27.9%,79.3%,77.7%,3,9.9%,33%,39.4%,2,51.8%,18.4%,2,40.7%
BKC,51.4%,60.9%,46.6%,31.8%,3,76%,21.2%,43.7%,3,4.1%,30.5%,1,40.7%
YRC,31.8%,31.8%,45.9%,45.5%,2,17.7%,98.2%,24.5%,3,56.3%,14.6%,2,40.7%
GGG,15.1%,8.4%,2.8%,78.9%,2,24.9%,53.2%,23.1%,2,99.9%,60%,4,40.7%
HAN,57.2%,62.5%,28.2%,42.6%,3,57.4%,41.4%,32.2%,3,26.4%,18.5%,2,40.7%
PHH,4.5%,18.4%,8.7%,5.5%,1,77.4%,57.8%,43.8%,3,80.4%,68.7%,4,40.6%
CAN,58.6%,43.8%,46.9%,35%,3,50.7%,31.8%,56.2%,3,73.7%,48.4%,4,49.5%
L35,46.8%,59.4%,29.5%,29.4%,3,89.4%,41.4%,32.9%,3,74.2%,42.6%,3,49.5%
MQB,40.7%,38.9%,19.6%,15.5%,2,99.9%,92.5%,95%,5,35.7%,8%,2,49.5%
DXL,90.3%,99.9%,9.5%,6.2%,3,95.5%,44.2%,67.5%,4,23.6%,8.9%,1,49.5%
BIC,60.1%,43.6%,46.5%,38%,3,38.8%,82.6%,64.7%,4,7.9%,62.3%,2,49.4%
SIV,25.9%,23.9%,96.8%,90.8%,3,1.1%,38.9%,79.2%,2,45.3%,42.5%,3,49.4%
HTU,41.4%,40.3%,40.3%,25.4%,2,63.6%,90.2%,76.9%,4,30.2%,5.7%,1,46%
DAT,49.9%,42%,38.3%,35.4%,3,39.8%,49.7%,44.5%,3,98%,15.5%,3,45.9%
L12,51%,70.7%,40.9%,43.4%,3,85.8%,48.5%,24.4%,3,33.1%,14.4%,2,45.8%
BCC,32.8%,32.8%,11.7%,9.1%,2,86.8%,64.1%,22.4%,3,70.3%,82.4%,4,45.8%
VAV,29.3%,28.2%,97.4%,96.8%,4,0.7%,37.4%,42.9%,2,52%,43.9%,3,47.6%
EMC,41.1%,37.6%,27.9%,24.9%,2,43.8%,36.4%,38.8%,2,93.3%,84.1%,5,47.5%
VIM,30%,29.3%,79.8%,80.2%,3,15.6%,64.5%,34.4%,2,53.5%,39.1%,3,47.4%
MEC,38.9%,48.5%,19.2%,21.4%,2,98%,40.6%,18.6%,3,84.1%,57.6%,4,47.4%
SPB,26.3%,24.3%,92.3%,96.1%,3,0.8%,95.2%,33.8%,3,46%,11.1%,2,47.3%
HNT,42.7%,55.9%,28.6%,29.1%,2,88.7%,89.9%,56.4%,4,29.2%,5.4%,1,47.3%
HLB,16.9%,10.6%,94.6%,88.5%,3,0.5%,1.5%,79.8%,2,28.4%,10.5%,1,36.8%
VHH,29.9%,29.1%,6.4%,4%,1,80.3%,8.2%,21.4%,2,99.5%,52.4%,4,36.8%
L62,37.4%,37.5%,18.2%,21.2%,2,89.2%,32.1%,21.3%,3,57.1%,16.7%,2,36.7%
WTC,31.6%,31.5%,94.9%,1.6%,2,23.1%,50.6%,27.3%,2,55.8%,14.3%,2,36.7%
GER,15%,8.4%,61.4%,50%,2,90.9%,1%,54.8%,3,25.3%,23%,2,36.6%
VN30F2M,30.5%,29.9%,24.5%,19.1%,2,0.1%,98.2%,43.3%,3,54.4%,29.1%,3,36.6%
PYU,24.1%,20.9%,32.1%,22.6%,2,11.5%,94.4%,70.3%,3,42.2%,10%,2,36.5%
PEN,47.6%,50.9%,31.4%,30.1%,2,82.7%,77%,38.7%,4,8.6%,30.2%,1,44.1%
TUG,28.6%,27.4%,34.4%,23.5%,2,21.3%,96.8%,85.7%,4,50.8%,28.3%,2,44.1%
DTA,42.2%,42.8%,27.8%,24.8%,2,70%,1.8%,39.1%,2,91.7%,67.6%,4,45.3%
VNX,30.8%,30.3%,93.9%,89.6%,4,21.8%,4.7%,66.9%,2,54.7%,15.1%,2,45.3%
SDJ,49.3%,51.9%,43.6%,79.7%,3,29.7%,13.4%,14%,1,89.7%,35.4%,4,45.2%
BGW,41.6%,40.5%,36.8%,24.1%,2,59.6%,85.1%,89.3%,4,14.5%,15%,1,45.2%
KAC,55.3%,48.3%,56.1%,39.1%,3,44.3%,38.4%,58.9%,3,1.8%,22.9%,1,40.6%
S12,25%,22.1%,21.6%,55.9%,2,38%,16.4%,16.5%,2,97.9%,71.1%,5,40.5%
MVY,20.8%,15.7%,41.6%,33%,2,22.2%,92.8%,67.8%,4,36.6%,34.2%,2,40.5%
PXI,3.7%,20.8%,7%,3.7%,1,94.7%,60.3%,32.6%,4,69.9%,71.8%,4,40.5%
PTP,23.7%,20%,50.7%,33.6%,2,16.4%,70%,77%,3,41.5%,31%,2,40.4%
HMS,17.2%,10.9%,61.7%,88.6%,3,2.8%,38%,33.8%,2,28.7%,81%,3,40.3%
LO5,35.7%,37%,18.6%,14.9%,2,91.9%,14.2%,17%,3,78.2%,54.8%,4,40.3%
DCD,41.9%,41.5%,54.7%,35.5%,3,67.2%,37.5%,45.7%,3,20.8%,16.8%,1,40.2%
L61,62.7%,59.9%,29.5%,39.3%,3,68.6%,7.8%,20.8%,2,1.4%,71.5%,2,40.2%
USC,29.2%,28%,45.1%,44.9%,2,18.6%,78.6%,44.7%,3,51.9%,21.2%,2,40.2%
ICF,3.3%,12%,5.5%,3.6%,1,97.7%,69.7%,30.6%,4,84%,55.7%,4,40.2%
VEF,43.4%,34.4%,52.6%,31.4%,3,27.3%,54%,93.2%,3,52.8%,54.8%,3,49.3%
PPI,4.6%,19.4%,6%,4.7%,1,98.8%,99.2%,34%,4,87.2%,89.1%,5,49.2%
CLX,49.8%,53%,47.3%,38.4%,3,59.2%,71.8%,61.7%,4,18.9%,42.7%,2,49.2%
DNE,50.9%,66.1%,61%,65.5%,4,78.2%,40.9%,44.6%,3,21.8%,14.1%,1,49.2%
TDW,73.8%,64.7%,58.8%,60.8%,4,45.4%,67.8%,34.3%,3,7.7%,29.7%,1,49.2%
PWS,49.7%,57.9%,51%,36.9%,3,69.5%,43%,76.7%,4,42%,15.7%,2,49.2%
DBM,79.2%,62.9%,71.4%,62.2%,4,40.7%,14.7%,68.9%,3,20.6%,21.1%,2,49.1%
CTF,63%,51.8%,47.8%,49.4%,3,39.3%,23.4%,26.7%,2,70.5%,70.4%,4,49.1%
SB1,56.2%,50.3%,63.1%,47.7%,3,54.7%,30.1%,54.6%,3,43.9%,40.4%,3,49%
NST,64.9%,62.6%,50.3%,47.2%,3,55.9%,17.1%,36.3%,2,74.3%,32.8%,3,49%
VE8,52.2%,58%,45.4%,40.9%,3,62.4%,61%,37.2%,3,4.6%,49.2%,2,45.7%
BMN,44.5%,44.9%,60.2%,61.6%,3,69.8%,85.3%,42.9%,4,15.1%,0.5%,1,47.2%
AUM,49.9%,51.5%,53.6%,34.6%,3,59.5%,84.7%,76.9%,4,13.6%,0.1%,1,47.2%
HHA,98%,65%,66.8%,82.5%,4,28.2%,8.4%,30.2%,2,27.9%,16.5%,2,47.1%
VPW,31.1%,30.8%,24.8%,19.3%,2,11.9%,97.6%,43.6%,3,54.9%,14%,2,36.4%
CNT,12%,4.5%,1%,98.9%,2,23%,15.4%,26.3%,2,98.1%,48.1%,4,36.4%
PEQ,22.5%,18.2%,81.6%,88.8%,3,2.9%,0.5%,41.3%,1,39.7%,31.8%,2,36.4%
CLM,63.5%,61.3%,38.1%,49.3%,3,7.4%,58%,33.8%,2,3.4%,12.8%,1,36.4%
MDF,47%,46.5%,30.3%,29.6%,2,67.7%,18.2%,34.1%,2,34.8%,19.4%,2,36.4%
MTC,20.5%,15.4%,30.5%,21.7%,2,16.1%,92.6%,86.8%,4,36%,8%,2,36.4%
FDG,4.7%,7.7%,4%,76.1%,2,23.9%,70.3%,29.8%,3,80.8%,29.7%,3,36.3%
PRO,23.3%,19.5%,74%,47.6%,3,86.1%,22.8%,71.7%,4,40.9%,69.6%,3,50.6%
TVC,47.6%,49.6%,44.9%,37.4%,3,70.5%,46.3%,60.3%,3,9.7%,88%,3,50.5%
CEC,51.2%,68.9%,37.8%,45.9%,3,94.2%,86.3%,39.9%,4,18%,11.9%,1,50.5%
BLF,39.5%,49.7%,12%,19.7%,2,96.2%,79.7%,21.1%,4,64.3%,57.3%,4,48.8%
AME,59.1%,63.3%,36.2%,45.5%,3,58%,2.3%,32.7%,2,92.8%,49.4%,4,48.8%
DDH,38.6%,39.9%,27%,20.3%,2,77.4%,87.5%,73.7%,4,21%,11.5%,1,44.1%
HMG,17.1%,10.8%,72.6%,66.3%,3,73.7%,61.4%,49.6%,4,28.6%,16.4%,2,44.1%
VC6,57.5%,74.7%,35.1%,44.9%,3,79.6%,45.1%,22.1%,3,6.5%,30.4%,1,44%
SD8,0.3%,23%,3%,98.7%,2,25.9%,94.9%,29.4%,3,80.6%,40.1%,4,44%
VSP,0%,30.9%,0.1%,99.3%,2,24.1%,97.6%,32%,3,97.8%,14%,3,44%
VPR,31.1%,30.7%,98.7%,96.6%,4,2.4%,1.6%,63.5%,2,54.9%,26.5%,3,45.1%
DLT,92.2%,98.2%,38.7%,85.5%,4,11.4%,24.2%,25.7%,2,21.6%,8.5%,1,45.1%
TTV,28.6%,27.4%,58.9%,75.2%,3,17.3%,96.8%,37.8%,3,50.7%,12.8%,2,45.1%
CMV,74.1%,62.4%,54.4%,68.2%,4,41.4%,48.2%,29.8%,2,9.9%,17%,1,45%
ITS,36.4%,41.1%,17.4%,13.9%,2,97.1%,78.9%,22.7%,4,31.9%,65.3%,3,45%
CID,11.6%,4%,80.3%,89.8%,3,82.8%,58.9%,38.1%,3,9.3%,30.2%,1,45%
PNG,23%,19%,62.8%,55.7%,3,9.2%,67.5%,59.8%,3,40.4%,67.8%,3,45%
VTJ,40.5%,41%,45.8%,27.2%,2,74.3%,58.9%,92.9%,4,1.8%,58.3%,2,49%
CTN,60.4%,99.7%,8.2%,91.7%,4,24.4%,22.4%,29.6%,2,93.1%,10.2%,3,48.9%
MIC,50.7%,79.1%,56.8%,51.1%,3,71.9%,14.3%,37.6%,3,58%,19.6%,2,48.8%
HOM,33.8%,35.1%,16.3%,12.9%,2,93.3%,76.3%,36.5%,4,63.2%,56.7%,3,47.1%
DIG,46%,37.9%,38.6%,28.4%,2,36.6%,3.7%,53.2%,2,80.7%,99.2%,5,47.1%
HD2,16.1%,9.5%,88.9%,84.1%,3,9.7%,38.2%,69.2%,2,26.9%,80.9%,3,47%
TNY,44%,44.6%,33.9%,64.1%,3,95.3%,54.2%,23.3%,3,49.5%,12.3%,2,46.8%
CIG,37.4%,45.7%,13.4%,20.1%,2,89.7%,40.7%,20.1%,3,81.8%,71.1%,4,46.7%
PCT,35.2%,34.9%,20.7%,16.3%,2,68.7%,50.5%,90.8%,4,67.9%,35.3%,3,46.7%
SJ1,59.7%,51.6%,43.9%,48%,3,46%,14.6%,26.6%,2,74.4%,55.7%,4,46.7%
EIB,51.6%,48.2%,27.8%,38.6%,3,47.9%,36.9%,21%,2,88.7%,92.7%,5,50.4%
XPH,32.1%,32.2%,25%,19.5%,2,88%,50.7%,93.5%,4,56.2%,56.3%,3,50.4%
THN,47%,46.7%,44.6%,34.1%,3,60.8%,96.2%,48.6%,4,48.4%,12.1%,2,48.7%
SIC,54.5%,62.2%,43.8%,44.4%,3,72.4%,6.8%,19.1%,2,58.9%,75.3%,4,48.6%
MTH,20.7%,15.5%,89.1%,71.4%,3,11.8%,71.2%,85.4%,3,36.1%,36.3%,2,48.6%
HVN,76.2%,47.1%,49.4%,70.9%,4,30.2%,11.6%,25.1%,2,30.5%,95.1%,4,48.5%
HLY,58.3%,54.9%,40.1%,36.2%,3,72.4%,23.7%,26.1%,3,94.1%,30.9%,4,48.5%
POV,54.8%,68.2%,42.6%,36.8%,3,81.9%,47.6%,29.1%,3,40.7%,35.1%,2,48.5%
VKD,30.2%,29.5%,35.7%,27%,2,93.7%,12.6%,40.3%,3,53.8%,73.5%,4,44%
VIB,65.4%,43%,35.5%,48.6%,3,32.6%,7.8%,20.2%,2,53.3%,88.7%,4,43.9%
SCD,4.3%,22.6%,10.2%,8.1%,1,56.6%,80.4%,84.4%,4,62.7%,65.6%,4,43.9%
TIS,48.9%,46.9%,33.6%,37.2%,3,49.2%,36.8%,14%,2,48.7%,80.2%,4,43.9%
TB8,27.2%,25.7%,69.6%,87.9%,3,11.6%,59.9%,29.9%,2,47.6%,34.6%,3,43.8%
LAW,70.2%,75.8%,73.1%,66.7%,4,54.3%,51%,54.9%,3,33.4%,11.4%,2,54.5%
MH3,81.8%,73.7%,56.8%,71.3%,4,47%,21.4%,56.8%,3,35.1%,46.5%,3,54.5%
HGM,77.4%,50.1%,84.3%,66.2%,4,33.7%,39.2%,85.1%,3,9.6%,31.9%,2,53.1%
MTV,52.9%,50.4%,67.8%,51.4%,3,69.3%,40.3%,81.2%,4,36.4%,27.3%,2,53%
RCD,24.7%,21.6%,98.6%,98.4%,4,5.2%,49.8%,57.3%,2,43.1%,40.3%,3,48.8%
HPI,69.1%,72.2%,55.9%,50.3%,4,8.6%,27.3%,49.8%,2,29.4%,76.2%,3,48.8%
NQB,43.6%,42.3%,41.9%,29.9%,2,61.1%,93.2%,80.5%,4,38.2%,8.8%,2,48.8%
HTR,47.1%,46.8%,40.2%,62.8%,3,62.2%,73.2%,24.9%,3,30.1%,32.8%,2,46.7%
VE2,43.2%,40.8%,45.3%,31.4%,3,55.2%,63.5%,70.4%,4,11.4%,58.9%,2,46.7%
OCH,7.8%,17.4%,20.4%,16%,1,71.1%,73.8%,40.7%,4,96.6%,76.2%,5,46.7%
GVT,67.9%,74.5%,39.5%,62.6%,4,55.6%,32.2%,17.9%,2,26%,42.7%,2,46.6%
TBX,48%,50.5%,33.4%,30.9%,3,79.5%,66.4%,32.2%,3,62.4%,16.1%,2,46.6%
PND,49.1%,54.8%,50.4%,43.9%,3,70.3%,20.3%,27.3%,2,40.3%,63.4%,3,46.6%
IVS,32.9%,32.6%,17.5%,14%,2,61.4%,65.5%,96%,4,76.7%,56%,4,50.3%
DC2,64.4%,90.6%,48%,53.9%,4,80.7%,37.2%,29.9%,3,1.7%,46.4%,2,50.3%
PMT,49.6%,74.3%,42.4%,33.3%,3,92%,21.9%,52.7%,3,40.3%,46.4%,3,50.3%
BSL,60.9%,61%,65.2%,53.4%,4,46.5%,77.8%,33.6%,3,15.6%,38.6%,2,50.3%
TSB,48.7%,53.7%,52.4%,37.4%,3,69.9%,59.1%,44.7%,3,65.1%,21.4%,3,50.3%
FID,36.3%,41.4%,28%,20.5%,2,94.6%,14.7%,63%,3,65.9%,71.6%,4,48.4%
PIS,56.8%,65.9%,62.7%,43.8%,3,68.3%,15.3%,59.7%,3,39.9%,22.4%,2,48.3%
DID,41.3%,50.9%,27.3%,24.5%,2,90.2%,87.6%,37.4%,4,58%,17.4%,2,48.3%
BHP,67.3%,82%,36.9%,27.6%,3,79.5%,66.6%,26.9%,3,14.7%,32.5%,2,48.2%
TL4,34.4%,34.3%,23.2%,18%,2,92.9%,68.9%,49.9%,4,48.8%,62.4%,3,48.1%
HRC,43.4%,36.6%,28.7%,25.3%,2,44.1%,65.9%,46.6%,3,69.1%,73%,4,48.1%
VT1,43.5%,42.5%,5.8%,4.2%,2,77.8%,70.1%,45.8%,4,55.2%,49.3%,3,43.8%
FTS,32%,32%,14.7%,11.6%,2,6.7%,28.2%,96.2%,3,92%,80.3%,5,43.7%
PTD,53.2%,52.2%,31.8%,33.5%,3,76.7%,93.9%,27.7%,4,6.2%,17.9%,1,43.7%
VC9,54.1%,58.4%,35.1%,37.5%,3,74.3%,37.4%,22.7%,3,7%,66.8%,2,43.7%
CMF,93.2%,46.4%,71.2%,73.1%,4,29.3%,6.6%,43.2%,2,19%,11.4%,1,43.7%
PSL,23.4%,19.6%,97.6%,87.6%,3,3%,70.1%,91.3%,3,41%,29.2%,2,51.4%
VEE,47.5%,47.8%,64.3%,52.7%,3,67.4%,47.7%,68.1%,4,52.7%,13.4%,2,51.3%
PDN,95.7%,59.9%,81.6%,81.1%,4,32.9%,26.9%,52.3%,2,4.7%,54.8%,2,54.4%
PXL,39.2%,47.2%,32%,22.5%,2,91.6%,17.6%,63.8%,3,88.8%,87.3%,5,54.4%
TBD,90.3%,53.8%,69.7%,91.5%,4,28.3%,3.4%,24.8%,1,47.6%,80.1%,4,54.4%
DST,34.7%,36.4%,14%,10.9%,2,91.5%,50.5%,77%,4,77.4%,97%,5,54.4%
TJC,33.2%,33.8%,23.2%,18%,2,91.8%,98.8%,47%,4,85.9%,58%,4,54.4%
CTR,78.9%,68%,65.7%,73.2%,4,4.2%,67%,43.8%,2,19.8%,67.7%,3,54.3%
KIP,78%,57.1%,84.7%,66.5%,4,42.6%,8.7%,84.4%,3,32.6%,14.9%,2,52.2%
PTK,34.6%,39%,21.1%,16.7%,2,98.2%,94%,67.7%,5,88%,9.8%,3,52.1%
TNT,39.6%,52.6%,33.7%,23.2%,2,95.3%,67.4%,62.4%,4,7.4%,87.4%,3,52.1%
DIH,54.9%,56.6%,27.4%,35.6%,3,75.2%,36.1%,39.5%,3,78%,65.9%,4,52.1%
QHD,45.5%,40.1%,32.2%,26.3%,2,63.9%,78.6%,58.5%,4,64.2%,58.5%,4,52%
BID,76.3%,48.2%,25.6%,70.4%,3,30.4%,3.8%,19.1%,1,98%,96.6%,5,52%
ASA,35.1%,38.4%,11.1%,8.6%,2,93.9%,24.7%,68.8%,4,99.1%,87.7%,5,51.9%
UCT,35.3%,34.5%,52.4%,34.2%,2,61.8%,96.9%,87.4%,5,51.5%,13%,2,51.9%
FTM,53.3%,49.4%,39.4%,42.5%,3,46.4%,38.1%,40.9%,3,60.9%,94.9%,4,51.8%
PVG,48.1%,48.9%,32%,30.3%,2,74.9%,29.7%,24.5%,3,92.7%,85.1%,5,51.8%
SBM,70.9%,51%,87.5%,88.9%,4,32.8%,27.7%,36.4%,2,44.1%,37.6%,3,53%
V21,80%,91.5%,79.4%,89.4%,5,47.2%,17.8%,37.7%,2,0.3%,33.8%,1,53%
PVD,36.4%,33.6%,21.3%,16.8%,2,80.4%,25.9%,66.1%,3,97.6%,98.1%,5,52.9%
KSQ,7.4%,13.2%,9.5%,7.9%,1,98.4%,74.2%,92%,5,96.1%,77.9%,5,52.9%
BST,65.1%,70.5%,75.9%,57.8%,4,56.9%,35.4%,83.7%,3,0.9%,30.1%,1,52.9%
BTD,71.4%,68.8%,37.2%,41.5%,3,83.4%,49.6%,40.5%,3,16.1%,68%,3,52.9%
PTH,67%,77.7%,57.6%,69.2%,4,80.1%,28.4%,30.5%,3,41.4%,24.1%,2,52.9%
TCO,57.6%,60.1%,79%,48.2%,4,52.9%,31.5%,92.3%,3,3.3%,49.2%,2,52.7%
DNA,59.3%,51.1%,60.9%,38.5%,3,81%,51.8%,49.8%,4,21.6%,59.3%,3,52.6%
PXS,34%,33.9%,21.4%,22.6%,2,80.1%,58.3%,36.7%,3,94.7%,92.1%,5,52.6%
PV2,38.9%,47.8%,42.8%,26.2%,2,82.2%,14.4%,82.9%,3,62.2%,75.7%,4,52.6%
DNS,63.2%,69.4%,54.7%,58.5%,4,55.8%,17.6%,34%,2,22.2%,43.6%,2,46.6%
PSI,41%,50.3%,42.6%,26.1%,2,88.8%,66.1%,93.6%,5,1.1%,42.4%,2,50.2%
CSM,49%,44.8%,26.4%,32%,2,50.3%,56.8%,23.1%,3,80.2%,89.3%,5,50.2%
STB,46.4%,40.9%,22.6%,30.7%,2,49.5%,28.6%,16.8%,2,97.6%,99.8%,5,48.1%
TDM,57.1%,51.7%,58.7%,56.4%,3,43.2%,32.8%,33.8%,2,48.1%,50.7%,3,48.1%
ITC,62.4%,56.9%,40.5%,36.4%,3,70.6%,35.3%,41.2%,3,9.5%,79.7%,3,48.1%
BTW,43.7%,38.9%,65.3%,49.1%,3,61.2%,62.6%,64.2%,4,3.9%,43%,2,48%
MIG,54.9%,51.6%,41.3%,51.1%,3,46.4%,36%,44.1%,3,35.3%,70.1%,3,47.9%
ICG,33.4%,33.5%,16.8%,13.3%,2,87.1%,83.2%,42.2%,4,56.7%,64.9%,4,47.9%
NMK,21.4%,16.5%,50.2%,81%,3,15.7%,93.1%,33.7%,3,37.9%,43.2%,3,43.6%
EMG,14.3%,7.3%,96.4%,85.7%,3,6%,57%,90.2%,3,24.1%,11.1%,1,43.6%
SSG,26.6%,24.8%,3.6%,98.4%,2,23.4%,95.3%,23.9%,3,85%,11.2%,3,43.6%
SVL,39.7%,35.7%,33.2%,30.8%,2,38.4%,95.7%,59.8%,4,47%,11.4%,2,43.5%
NNG,41.2%,41.4%,20%,26%,2,75.1%,38.6%,22.3%,3,85.2%,41.9%,4,43.5%
SEP,44.3%,42.1%,51.7%,74.8%,3,62.5%,31.1%,22.4%,2,44.7%,18%,2,43.5%
THS,56.6%,69.7%,52%,44.7%,3,71.5%,30.5%,41.7%,3,66.8%,27.8%,3,51.3%
VCC,54.6%,55.1%,35.3%,40.8%,3,58.7%,54.1%,34.7%,3,58.4%,70.2%,4,51.3%
DHD,60.9%,42.6%,83.9%,82.4%,4,55.7%,9.5%,52.9%,2,21.4%,52.2%,2,51.3%
VIC,70.4%,37.3%,52.7%,57.1%,3,26.8%,2.4%,22.2%,1,95.5%,96.9%,5,51.3%
VWS,31.5%,31.4%,89.8%,85.2%,3,16.4%,97.9%,61.7%,3,55.7%,19.3%,2,54.3%
VCB,81.2%,44%,35.2%,77.8%,3,27.9%,9.9%,19.5%,1,96.6%,97%,5,54.3%
STS,77.2%,77.9%,58.5%,44.5%,4,6.5%,95.5%,67.9%,3,46.6%,14.1%,2,54.3%
KHD,91.1%,97.5%,84.6%,84.4%,5,9.5%,16.1%,61.5%,2,32.4%,10.6%,2,54.2%
KHW,62.3%,67.8%,62.2%,55.1%,4,55.4%,90.9%,55.2%,4,32.5%,6.4%,1,54.2%
GKM,48.9%,47%,61.4%,58.6%,3,65.1%,60.7%,40.1%,3,2.8%,82%,3,51.8%
AMS,62.8%,90.1%,36.3%,53.1%,4,81.5%,53.9%,23.8%,3,13.1%,50.3%,2,51.7%
HCT,57%,48.4%,55.5%,32.4%,3,59.8%,25.4%,83%,3,78.9%,24.8%,3,51.7%
SHP,75.7%,66%,74.4%,72.2%,4,4.6%,49.5%,52.3%,2,8.7%,60.5%,2,51.6%
BTG,88.7%,99.3%,25.7%,19.9%,3,91.1%,23.5%,91.7%,4,16.1%,8.2%,1,51.6%
HJS,74.4%,63.6%,81%,68.6%,4,39.9%,27.2%,49.9%,2,3.2%,57%,2,51.6%
QSP,24.5%,21.4%,89.3%,74.5%,3,19.5%,94.6%,76%,4,42.8%,21.8%,2,51.6%
GLT,89.3%,53.1%,94.5%,91.9%,5,27%,16.6%,67.1%,2,1.6%,32.4%,1,52.6%
PVP,53.4%,78.5%,43%,44.1%,3,83%,29.7%,56.9%,3,41.8%,42.1%,3,52.5%
PHC,64.7%,54.7%,42.3%,51.7%,3,50.3%,8.2%,29.5%,2,78.4%,92.9%,5,52.5%
PPP,60.2%,71.3%,57.4%,47.5%,3,68.2%,42.9%,37.4%,3,59.7%,27%,3,52.4%
NHH,21.2%,16.3%,93.4%,90.4%,3,0.3%,54.4%,72.7%,3,37.6%,85.2%,4,52.4%
LPB,74.9%,74.2%,29.9%,71.2%,4,47.3%,24.3%,17.5%,2,34.1%,98.1%,4,52.4%
BTU,49.5%,63.9%,83.4%,65.3%,4,78.7%,21.6%,82.9%,4,16.4%,9.8%,1,52.4%
HKB,3.9%,10.4%,4.6%,4.5%,1,96.9%,89.7%,49.7%,4,99.5%,92%,5,50.1%
DVC,43.2%,41.8%,76.4%,65.8%,3,82.1%,16.6%,64.3%,3,23.4%,37.1%,2,50.1%
CDC,74.3%,71.1%,47%,53.6%,4,58.6%,35.9%,40.7%,3,11.4%,58.6%,2,50.1%
CTB,75.8%,53%,47.7%,62%,3,36%,20.2%,42.8%,2,73.2%,39%,3,50%
TDB,27.5%,26.1%,99.2%,94.7%,4,1.9%,29.1%,86%,2,48%,37.5%,3,50%
SII,52.6%,44.9%,32.7%,30.6%,3,67%,58.1%,62.7%,4,73%,27.4%,3,49.9%
UNI,36.1%,36%,34.7%,23.7%,2,74.2%,13.8%,80.4%,3,77.3%,72.9%,4,49.9%
VRG,38.1%,40.9%,35.9%,23.8%,2,83.7%,13.1%,77.6%,3,55.1%,63.3%,3,47.9%
VVN,31.4%,31.4%,80%,99.9%,4,21.8%,46.2%,28.9%,2,55.6%,35.3%,3,47.8%
NTB,0.5%,17%,3.7%,95.7%,2,25.3%,93.2%,24.3%,3,91.1%,79.4%,5,47.8%
KMT,63.6%,82.3%,40.7%,50.8%,3,17.6%,63.6%,20.9%,2,57.6%,33.5%,3,47.8%
CMK,69.5%,84.7%,26.3%,53.8%,3,71%,86.8%,15.7%,3,19.1%,2%,1,47.7%
VHG,0.6%,29%,0.1%,0.7%,1,89.5%,18.9%,55.7%,3,99.3%,96.7%,5,43.4%
VIH,29.9%,29.2%,83%,98.2%,4,5.8%,15.5%,15.5%,1,53.4%,60.4%,3,43.4%
HBE,53%,64.3%,66.6%,42.6%,3,68.9%,34.9%,85.6%,4,10.3%,34.6%,2,51.2%
TMW,59.5%,70.3%,33.6%,23.1%,3,85.1%,68.9%,42.2%,4,49%,29%,2,51.2%
TPC,66.8%,70.4%,63.9%,52.5%,4,65.5%,21.4%,46.2%,3,10.1%,63.9%,2,51.2%
NQT,46.6%,45.1%,42%,33.2%,3,57.8%,41.1%,72.2%,3,38.3%,83.8%,4,51.1%
PVM,52.6%,59.1%,57.7%,39.7%,3,65.9%,9.7%,61.9%,3,41.7%,71.6%,3,51.1%
L18,58.7%,72.8%,29.4%,32.7%,3,97.5%,24%,24.3%,3,72.2%,46.9%,3,51%
FSO,55.7%,59.7%,61.3%,42.4%,3,56.6%,88.6%,65.5%,4,24.8%,4%,1,51%
MGC,55.1%,78.2%,41.1%,43.5%,3,79.8%,92.1%,26%,4,35%,7.6%,2,50.9%
HTG,88.4%,88.7%,56.1%,79%,4,5%,30.8%,20.3%,1,30.1%,59.4%,3,50.9%
BRR,53.7%,63.2%,65.1%,41.4%,3,65.1%,61.1%,68.4%,4,15.3%,25%,2,50.9%
HTL,77.6%,58.9%,61.9%,59.1%,4,42.4%,74.5%,35.9%,3,6%,40.5%,2,50.8%
HPW,61.4%,66.6%,72.8%,50.3%,4,57.4%,15.7%,74%,3,29.7%,29%,2,50.8%
VT8,31.2%,31.1%,79.9%,57.4%,3,85.5%,2.1%,79%,3,55.3%,34.9%,3,50.7%
PGD,79.3%,54%,73.9%,71.7%,4,34.1%,73.9%,61.1%,3,5.7%,47%,2,55.6%
TPS,41.7%,36.7%,95.4%,88%,4,58.2%,20.6%,79%,3,49.7%,30.6%,3,55.5%
SVN,7.5%,25.3%,10.5%,8.2%,1,96.8%,77.2%,91.9%,5,95.1%,85%,5,55.3%
CMN,88.8%,62%,80.3%,68.1%,4,38.5%,11%,74%,3,19.1%,56.1%,2,55.3%
VSN,70.3%,43.7%,75.5%,70.1%,4,29.3%,45.7%,62.1%,3,55.1%,45.5%,3,55.3%
VTC,73.9%,89%,53%,72.9%,4,81.4%,37.7%,33%,3,3.4%,52.3%,2,55.2%
SDC,67.5%,85%,51.6%,44.3%,4,85.7%,94.9%,47.7%,4,5.5%,14.9%,1,55.2%
PDC,45.4%,65.1%,42.1%,30%,3,88.1%,66.1%,71.8%,4,56.8%,31.6%,3,55.2%
TNP,45.8%,45.3%,82.5%,56.7%,3,67.2%,80%,53.2%,4,49.3%,15.9%,2,55.1%
PJC,88%,55.2%,81.8%,83%,4,31.1%,1.1%,35.1%,2,82.6%,27%,3,53.9%
VIF,85.7%,89.9%,97.1%,86.6%,5,48.4%,30.6%,81.2%,3,53.4%,48.6%,3,69.1%
CET,6.5%,3.5%,54.3%,35.1%,2,91.3%,65.9%,64.9%,4,88.9%,77.3%,5,54.2%
HST,53.2%,73.6%,49.2%,42.9%,3,79.4%,36.4%,35.9%,3,70.7%,45.5%,3,54.1%
MBB,77.4%,54.4%,30%,68.9%,3,35.6%,5.5%,18.7%,1,97.1%,99.3%,5,54.1%
SSC,85.4%,48%,82.3%,63.9%,4,32.4%,43.6%,78.1%,3,10.1%,43%,2,54.1%
DTL,87.8%,55.4%,76.4%,76.1%,4,32.3%,2.5%,34.1%,2,82.4%,40%,4,54.1%
QTP,68.7%,84.3%,63%,79.6%,4,48.4%,18.6%,29.1%,2,42.8%,52.5%,3,54.1%
ACV,75.1%,39.4%,80.1%,70.2%,4,26.6%,11.6%,66.7%,2,12.6%,82.5%,3,51.6%
POS,54.2%,56.4%,42.4%,33.4%,3,77.7%,51.6%,60.5%,4,40.6%,48%,3,51.6%
CHS,54.7%,64.8%,60.5%,42%,3,65.6%,51.3%,73.5%,4,18.5%,32.9%,2,51.5%
TSG,40.5%,38.3%,70%,67.6%,3,57.7%,72.5%,52.4%,4,50.1%,14.3%,2,51.5%
MDC,49.5%,75.1%,30.3%,36.6%,3,87.2%,61.4%,16.3%,3,67.8%,39.4%,3,51.5%
V12,65.6%,78.6%,34.9%,48.4%,3,76.4%,69.5%,24.1%,3,1.5%,63.8%,2,51.4%
FDT,84.1%,56.7%,66.3%,83.9%,4,30.8%,27%,50.3%,2,60.1%,11.8%,2,52.3%
DVN,58.2%,52.3%,54.9%,54.5%,3,41.1%,54.3%,37.1%,3,23.6%,94.5%,3,52.3%
VGT,52%,48.4%,52.6%,48.6%,3,58.4%,27%,43.4%,3,53%,86.1%,4,52.2%
AGP,82.8%,67.2%,80.1%,80.3%,4,42.8%,35.5%,42.6%,3,12.9%,25.6%,1,52.2%
DDN,54.3%,54.3%,38.6%,75.9%,3,76.8%,78.4%,30.2%,4,21.1%,40%,2,52.2%
SDG,83.4%,79.3%,78.8%,76.8%,4,47.4%,23.2%,30.2%,2,0.5%,29.4%,1,49.9%
VNB,46.1%,39.5%,52.8%,34.3%,3,39.2%,18.9%,95.5%,3,54.5%,67.5%,4,49.8%
HHC,76.6%,39.6%,72.4%,54.8%,4,28%,5.7%,62.6%,2,61%,47.3%,3,49.8%
G36,50.9%,70.9%,28%,38.9%,3,81.1%,63.2%,25%,3,25%,64.4%,3,49.7%
HNF,81%,53.6%,67%,76.4%,4,32%,19.7%,28.3%,2,29%,69.7%,3,50.7%
CMP,51.6%,58.1%,54.3%,38.4%,3,64.7%,86.8%,80.8%,4,19.2%,2.1%,1,50.7%
MCO,33.9%,37.8%,19.1%,15.1%,2,98.7%,62.9%,32.7%,4,93.4%,62.5%,4,50.7%
KTB,32.4%,32.9%,18%,14.5%,2,97.4%,91.1%,67.6%,5,96.2%,6.5%,3,50.7%
ANV,60%,46.8%,59.9%,53.2%,3,35.1%,0.2%,32.9%,2,74%,93.9%,5,50.7%
PFL,6.8%,18.2%,8.6%,6.4%,1,97.9%,93.6%,43.2%,4,96.1%,84.3%,5,50.6%
TTF,39.3%,41.3%,34.2%,31.1%,2,61.7%,99.6%,25%,4,70.9%,93%,5,55.1%
THB,55.9%,48.8%,52%,37.2%,3,59.5%,54.5%,66.1%,4,81.7%,40.2%,4,55.1%
PTI,66.4%,53.5%,42.7%,39.5%,3,57.6%,67.1%,57%,4,65.5%,46.5%,3,55.1%
VCE,44.1%,44.7%,59.1%,40.9%,3,99.6%,97.2%,43.9%,5,52.2%,13.3%,2,55%
NAV,45.2%,55.5%,41.7%,29.9%,3,83.2%,56.2%,62.1%,4,71.7%,49.1%,4,55%
NBB,53.1%,45.1%,41.8%,33.1%,3,59%,42.2%,46.5%,3,91.1%,83.3%,5,55%
C47,64.8%,66.6%,25.9%,41.7%,3,67.8%,26.7%,16.3%,2,90.7%,84.8%,5,53.9%
SGN,98.3%,54.9%,99.3%,97.2%,5,26.8%,78.9%,76.3%,4,44.9%,45.6%,3,69.1%
DQC,87.9%,69.5%,71.8%,54.3%,4,59.7%,57.1%,77.3%,4,64.4%,78.9%,4,69%
GAS,93.4%,45.2%,94.4%,87.2%,5,27.2%,5.3%,81.3%,2,94.6%,92.2%,5,69%
ADS,80.9%,86.1%,53.3%,70.3%,4,77.9%,82.8%,36.9%,4,59.9%,72.5%,4,69%
KBC,64.3%,67%,56.2%,43.1%,3,72.9%,58.7%,65.8%,4,94.5%,98.6%,5,69%
NDN,77.1%,71.9%,89.2%,74.1%,4,43.3%,4.7%,78%,3,90.1%,92.7%,5,69%
PLP,76.5%,69.2%,90.7%,91.4%,5,43.1%,32.4%,48.2%,3,87.4%,81.1%,5,68.9%
APC,94.7%,87.4%,98.2%,89.7%,5,42.7%,22%,90.4%,3,8.4%,86.2%,3,68.9%
SZL,93%,83.5%,69.5%,77.2%,5,50.9%,67.3%,63.7%,4,58.9%,55.9%,3,68.9%
PIA,95.3%,91.9%,96.7%,94.1%,5,38.9%,28.4%,70.9%,3,39.9%,64.4%,3,68.9%
SD9,68.2%,90.9%,58%,47.8%,4,91%,46.9%,49.9%,4,85.4%,82%,5,68.9%
NFC,64.5%,82.4%,73.5%,59.6%,4,70.7%,92.8%,58.7%,4,83.2%,33.7%,3,68.8%
CVT,95.4%,76.8%,91.6%,94.1%,5,32.6%,28.6%,39.6%,2,65.2%,94.5%,4,68.7%
PCG,39%,38.6%,31.2%,22.2%,2,74.5%,31.9%,85.5%,4,87.2%,77%,5,54.1%
TKC,81.9%,69.3%,52.1%,77.3%,4,38.9%,21.8%,24%,2,63.5%,57.7%,4,54.1%
UDJ,60.7%,81.1%,59.1%,52.6%,4,73.9%,22.6%,38.1%,3,51.6%,47.5%,3,54.1%
TSJ,65.3%,58.3%,88%,60.9%,4,41.2%,15.9%,90.6%,3,50.2%,16.1%,2,54.1%
KSH,35.1%,39.8%,17.9%,14.4%,2,97.6%,53.4%,65.9%,4,76.4%,84.9%,5,53.9%
UDC,39.7%,47.7%,34.6%,26.9%,2,93.2%,71%,35.9%,4,66.9%,69.2%,4,53.9%
HCD,58.5%,75.7%,72.3%,66.1%,4,76.5%,67.8%,53.4%,4,71.6%,90.6%,5,70.3%
TKU,81.8%,94.9%,82.4%,77.4%,5,69.4%,50.8%,55%,3,78%,43%,4,70.3%
VPH,84.5%,97.2%,86.4%,83.6%,5,81.3%,60.6%,52.2%,4,2.8%,83.7%,3,70.3%
ACB,75.3%,45.4%,25.1%,65%,3,31.3%,6.1%,18.1%,1,97.4%,98.7%,5,51.4%
IME,18.4%,12.5%,67.3%,87.4%,3,89.7%,90.6%,32.6%,4,31.4%,32.8%,2,51.4%
SCJ,44.7%,69.3%,32.4%,26.4%,3,95.9%,14.1%,27%,3,67.4%,70.2%,4,49.7%
CCL,44.1%,60.5%,37.6%,27.7%,3,90.1%,29.5%,58.2%,3,9.5%,89.9%,3,49.7%
AGM,50.8%,57.6%,36.1%,27.2%,3,86.4%,65.2%,52.3%,4,67.6%,50.9%,3,54.9%
IDJ,38%,46.6%,29.1%,20.8%,2,90.9%,33.7%,73.6%,4,92.2%,69.6%,5,54.9%
POT,71.2%,64.1%,42.5%,55.7%,3,51.4%,46%,39.4%,3,75%,48.1%,4,54.8%
TTJ,77.8%,52.9%,82.6%,69.6%,4,34.1%,32.6%,64.8%,3,50.4%,28.5%,2,54.8%
DNP,72%,63.5%,38.8%,46.3%,3,54.5%,36.7%,35.6%,3,67.1%,77.5%,4,54.7%
HAX,80.3%,75.4%,66.5%,85.7%,4,49.3%,89%,23.8%,3,80.3%,86.7%,5,70.8%
PMS,87.5%,93.4%,78.5%,71.8%,5,70.2%,61.8%,43.1%,3,65%,65.7%,4,70.8%
QTC,83.7%,81.6%,82%,76.6%,5,49.9%,99.4%,57.1%,4,62.6%,44.6%,3,70.8%
XHC,93.4%,95.3%,98.8%,96.1%,5,40.6%,10.9%,78.3%,3,56.1%,44.5%,3,68.2%
MKP,90.1%,52.4%,90.5%,79.3%,4,30.9%,79.5%,69.7%,4,58.1%,62%,4,68.1%
VGS,75.2%,89.9%,59.3%,64.6%,4,73.6%,45.5%,30.3%,3,85.9%,88.7%,5,68.1%
SGC,91.4%,49.1%,96.8%,91.4%,5,27.6%,10%,76.2%,2,12.1%,29.6%,2,53.8%
LIG,40%,46.3%,18.6%,25.7%,2,90.7%,76.4%,28.6%,4,75.3%,81.7%,4,53.7%
BVH,78.4%,39.7%,37.3%,61.8%,3,27.4%,9%,45.2%,2,94.3%,90.3%,5,53.7%
VSI,79.3%,75.3%,64.6%,70%,4,51.1%,23.8%,50%,3,4.2%,65.2%,2,53.7%
SCI,68.9%,92.8%,43.3%,60.1%,4,80.2%,19.5%,22.6%,3,73%,22.9%,3,53.7%
HLR,45.5%,55.5%,55.8%,59%,3,85.3%,89.9%,42%,4,28.5%,22.3%,2,53.7%
PGI,66%,59.5%,42.2%,47.4%,3,54.1%,67.9%,62.6%,4,11.2%,71.1%,3,53.6%
BDB,51.8%,92.5%,60.1%,37.9%,4,92.8%,84.8%,83.6%,5,93.9%,19.8%,3,68.6%
VIP,62%,86%,64.4%,45.1%,4,85.9%,49.3%,69.1%,4,71.4%,84.3%,4,68.6%
VLP,52.7%,63.8%,91.1%,75.5%,4,68.5%,97.4%,85.3%,5,54.1%,28.6%,3,68.6%
FCN,75.6%,68.4%,61.2%,65.9%,4,69.5%,40.7%,48.8%,3,90.6%,94.6%,5,68.4%
RAL,99.7%,82.7%,82%,93%,5,36.6%,39.7%,42.6%,2,68.6%,69.6%,4,68.3%
DNY,82.1%,98.3%,48.2%,78.7%,4,86%,74.5%,19.5%,3,65.8%,61.5%,4,68.3%
VTV,88.5%,95.7%,75.6%,88.2%,5,60.5%,75.8%,29.7%,3,62.9%,55.7%,3,70.3%
VOC,82%,84%,86.4%,72.8%,5,53.9%,79.6%,60%,4,54.7%,59.4%,3,70.3%
HTI,85.9%,93.1%,61.8%,79.1%,4,64.2%,82%,30.9%,3,60.2%,74.2%,4,70.2%
LHG,87%,79.1%,77.5%,71.1%,4,52%,24.5%,70.1%,3,82.2%,87.1%,5,70.1%
VAF,69.1%,85.1%,82.8%,64.3%,4,68.8%,63.1%,72.8%,4,75.1%,48%,4,69.9%
NSC,99.3%,77.1%,93.4%,86%,5,41.3%,55.3%,67.2%,3,60.7%,48.7%,3,69.9%
TRA,94.9%,54.5%,95.5%,88.1%,5,29.9%,82%,70.7%,4,56.9%,56.5%,3,69.9%
TLT,74.9%,88%,85.9%,97.9%,5,43%,76.1%,11.4%,3,86.9%,65%,4,69.9%
TMP,91.8%,80.2%,98.4%,93.8%,5,35.3%,34.9%,85.6%,3,63.6%,44.2%,3,69.8%
IDV,88.3%,72.7%,77.2%,92.3%,5,32.8%,64.2%,66.5%,3,62%,71%,4,69.7%
TNA,97.8%,94.7%,74.8%,89.2%,5,53%,53.9%,26.6%,3,64.7%,72.7%,4,69.7%
PGS,78.1%,58.2%,62.6%,59.8%,4,40.8%,12.4%,40.7%,2,61.1%,78.3%,4,54.7%
VGV,58.4%,68.7%,59.3%,57%,4,70.3%,23.9%,48.1%,3,53.1%,53.4%,3,54.7%
JVC,40.1%,45.3%,49.5%,32.6%,3,62.6%,24.1%,73.2%,3,69.2%,94.8%,5,54.6%
VCP,84.3%,68.9%,82.8%,80.1%,4,3.3%,20.1%,37.9%,2,52.2%,60.7%,3,54.5%
LGC,55.3%,50.1%,41%,43.4%,3,56.4%,99.5%,48.6%,4,61.7%,34.2%,3,54.5%
TBC,82.3%,73.2%,96.9%,81.7%,5,38.6%,60.3%,91.5%,4,67.4%,45.4%,3,70.8%
HDA,70.1%,88.5%,76.7%,62.6%,4,72.5%,40.5%,69.7%,4,77.2%,79.8%,4,70.8%
PTB,99.1%,72%,92.2%,94.3%,5,34%,56.8%,32%,3,73.9%,81.8%,4,70.7%
HAS,80.3%,95.9%,72.2%,66%,4,82.9%,25.5%,62.1%,3,80.5%,71%,4,70.7%
POM,89.3%,94.3%,81.8%,84.9%,5,61%,45.7%,38.4%,3,66.6%,74.5%,4,70.7%
VCW,87.7%,65.5%,93.9%,83.4%,5,34.9%,62.4%,84.1%,4,52.4%,72%,4,70.7%
ELC,56.4%,61.4%,55.1%,38.7%,3,71.4%,99.5%,82.9%,5,65.9%,81.9%,4,68.1%
TET,88.6%,81.8%,98%,88%,5,39.5%,96.1%,94.4%,4,10.5%,14.9%,1,68%
DVP,97.2%,75.1%,98.4%,92.8%,5,33.3%,78.7%,83.3%,4,10%,42.8%,2,68%
VCM,89.4%,96.5%,79.5%,75.4%,5,78%,97.2%,54.7%,4,2.1%,37.9%,1,67.9%
MWG,96.8%,57.2%,84.8%,95.5%,5,27.4%,44.7%,31.9%,2,81.6%,90.8%,5,67.9%
APS,44.7%,71.6%,46.2%,27.5%,3,92.7%,53.2%,94.8%,5,94.3%,85.3%,5,67.8%
CCM,97.9%,96.4%,88.4%,91.1%,5,63.2%,4.3%,43.9%,2,79.7%,45.6%,4,67.8%
NET,82.6%,71.2%,84.9%,84.7%,5,36.8%,80.1%,38.4%,3,64.5%,67.3%,4,67.8%
HPB,90%,98.4%,72.7%,54.9%,4,15.9%,82.1%,80.6%,3,87.8%,26.9%,3,67.7%
VLC,68.9%,66.5%,89.7%,72.7%,4,65.7%,53.1%,77.2%,4,53.9%,62%,3,67.7%
SJE,95.9%,94.5%,69.3%,77%,5,74%,30.2%,47%,3,78.6%,43.2%,4,67.7%
KDM,40.9%,62.2%,40.5%,25.5%,3,95.4%,72.2%,91.1%,5,95.4%,84.8%,5,67.6%
PET,68.6%,81.4%,42.2%,51.6%,4,80.8%,60.2%,41.4%,4,92.6%,90.1%,5,67.6%
DPC,73.4%,74.7%,80.6%,54.2%,4,66%,41.6%,92.7%,4,78.9%,45.8%,4,67.5%
SAV,62.6%,74.8%,51.4%,39.9%,3,83.2%,65.1%,41.1%,4,5.1%,58.8%,2,53.6%
SC5,90.2%,80.1%,51.5%,76.7%,4,47.1%,39.7%,28.6%,2,5.4%,62.7%,2,53.6%
TTZ,35.9%,37.4%,34.3%,23.4%,2,86.2%,12%,73.6%,3,94.8%,83.7%,5,53.5%
ATG,41.6%,69.1%,25.4%,19.6%,2,99.8%,59.7%,75.6%,4,4.3%,86.7%,3,53.5%
SPD,59.6%,84.4%,51.8%,52.4%,4,79.7%,55.3%,30.8%,3,46.1%,21.8%,2,53.5%
TS4,46.4%,49.3%,34.1%,31.1%,3,85.7%,77.5%,15.9%,3,58.4%,82.5%,4,53.4%
SRF,81.5%,83.4%,63.4%,77.1%,4,49.7%,74.4%,37.1%,3,76.4%,71.5%,4,68.3%
TVT,90.9%,92.3%,70.4%,67.6%,5,75.9%,51.1%,38.5%,3,63.8%,64.3%,4,68.3%
VHC,95.9%,67.2%,89.6%,83.4%,5,35.2%,18.7%,53.5%,2,84.5%,86.8%,5,68.3%
THG,97.8%,94%,87.7%,93.7%,5,44.2%,72.7%,45.6%,3,6.4%,71.7%,2,68.2%
SKH,79.9%,72.4%,58.3%,40.2%,4,83.4%,95.1%,59.4%,4,45.4%,79.7%,4,68.2%
TCW,83%,83.6%,82.4%,81.8%,5,64.7%,64.7%,63%,4,48%,56.3%,3,69.7%
SJD,83.6%,76.1%,90.9%,76.9%,5,43.9%,30.7%,84.9%,3,64.3%,75.3%,4,69.6%
KSA,38.7%,93.2%,29.3%,21%,3,99.9%,99.7%,66.9%,5,82%,95.7%,5,69.6%
DSN,97.2%,78%,99.6%,95.7%,5,31.6%,52.2%,94.6%,3,10.3%,66.4%,2,69.5%
EFI,50.7%,90.7%,48.4%,28.5%,3,94.1%,80.7%,95.8%,5,61.4%,75.1%,4,69.5%
SFG,75.1%,85.5%,74.3%,74.9%,4,56.2%,62.3%,51.3%,3,68.7%,77.5%,4,69.5%
DRL,96.5%,76.9%,99.8%,97%,5,29.5%,23%,92.8%,3,64.8%,44.2%,3,69.4%
HAG,53.9%,84.1%,39.5%,38.9%,3,93.8%,98.9%,23.2%,4,91.4%,99.6%,5,69.3%
SEB,97.7%,87.2%,97.4%,95.6%,5,35.9%,9.3%,45.9%,2,87.5%,49.2%,4,67.3%
BVS,70.5%,63.4%,65.3%,41.6%,4,65.4%,49.1%,88.2%,4,87.6%,74.7%,5,67.3%
HID,56.6%,97.3%,66.9%,46.6%,4,94.9%,61.7%,68.3%,4,68.4%,87.7%,4,72%
WSB,98.1%,89.1%,94%,86.7%,5,45.8%,81.9%,31.9%,3,55.7%,64.8%,4,72%
LHC,98.2%,85.7%,87.2%,79.2%,5,78.2%,80.9%,61.9%,4,8.9%,67%,2,71.9%
DAG,66.5%,88.4%,60.7%,58.2%,4,78.1%,71.6%,41.4%,4,93.2%,89.3%,5,71.9%
VCG,86.6%,84.5%,79.5%,85.1%,5,49.3%,21.3%,45%,2,98.4%,97.3%,5,71.9%
NTP,94.3%,67.5%,89.3%,88.7%,5,33%,82.3%,41.9%,3,73.6%,76.4%,4,71.9%
VMC,99.9%,98.8%,89.7%,97.7%,5,54.4%,9.6%,36.6%,2,79.3%,79.5%,4,71.7%
PVE,68.4%,93.9%,50.8%,63.6%,4,80.5%,75.7%,24.2%,4,95.7%,90.9%,5,71.5%
VNM,97.1%,44.4%,99.1%,96.9%,5,26.2%,31.4%,65.3%,3,90.7%,92.5%,5,71.5%
VC3,69.2%,65.4%,70.5%,67.7%,4,42.6%,75.3%,59.7%,3,93.2%,92.9%,5,70.7%
SHI,69.9%,95.7%,58.1%,63.8%,4,86.5%,63.9%,31.5%,4,76.8%,89.5%,5,70.6%
SGT,75.9%,97.6%,78.9%,86.2%,5,73.4%,44.1%,44.4%,3,69.5%,65%,4,70.6%
HLG,84.2%,97.1%,72.6%,82.7%,5,75.3%,52.8%,39.5%,3,72.1%,59.3%,4,70.6%
TA9,87.3%,96.1%,51.9%,89.1%,5,59.4%,66.8%,25.7%,3,70.8%,60.1%,4,67.5%
GEX,84.7%,61.5%,80.8%,84%,4,41.5%,11.1%,54.1%,2,94%,95.8%,5,67.5%
ADP,85.5%,89.5%,92.6%,85.3%,5,48%,75.2%,71.3%,4,12.6%,47.1%,2,67.5%
MIM,90.5%,97.6%,92%,95.5%,5,52.1%,0.9%,37.4%,2,75.6%,65.9%,4,67.5%
DCL,65.5%,59.3%,65.9%,54%,4,44.5%,84.2%,64.4%,4,85.6%,83%,5,67.4%
AAA,66.1%,55.6%,64.8%,73%,4,70.7%,55.6%,40.1%,3,84.3%,96.5%,5,67.4%
PSE,56.8%,72.3%,68.7%,47.6%,4,75.5%,79.2%,83.9%,4,75.9%,45.6%,4,67.3%
BAX,86%,77.4%,60%,78%,4,44.4%,28.1%,53.9%,3,5.6%,47.1%,2,53.4%
KBE,82.7%,86.3%,77.3%,73.9%,5,57.2%,17.8%,47%,3,32%,6.2%,1,53.4%
CTG,76.1%,52.1%,26.5%,62%,3,36.2%,8.8%,20.8%,2,98.9%,99.5%,5,53.4%
VNG,44.3%,39.1%,45.7%,34.4%,3,52.3%,29%,62.7%,3,84.5%,88.8%,5,53.4%
KGM,63%,75.7%,49.6%,59.2%,4,64.6%,90.9%,28.1%,4,32.3%,16.6%,2,53.3%
KHB,33.4%,41.7%,17.6%,14.1%,2,99.7%,57.4%,60.8%,4,77.6%,77.4%,4,53.3%
VBG,57.8%,67.1%,45.1%,40.7%,3,58.4%,97.1%,48.2%,4,52%,13.2%,2,53.3%
VID,92.4%,99.1%,97%,92.6%,5,83.5%,6.4%,69.4%,3,4.8%,78.9%,3,69.3%
VHL,95.5%,80.3%,91%,91.6%,5,36.8%,55.9%,36.7%,3,88.2%,47.1%,4,69.2%
PHP,60.5%,65.5%,81.7%,63.4%,4,57.6%,80.1%,82.7%,4,67.3%,63.3%,4,69.1%
GEG,72.1%,78.1%,91.8%,78.8%,5,62%,47.4%,88%,4,25.2%,62.3%,3,67.3%
SHS,84.8%,79.4%,69.2%,85%,4,40.5%,2.6%,46.8%,2,99.6%,97.9%,5,67.3%
KTS,97%,96.9%,81.2%,90.3%,5,66.4%,43.3%,44.2%,3,84.7%,39.9%,4,71.5%
PMB,61.1%,75.5%,78.4%,51.8%,4,71.6%,74.1%,90.8%,4,83.2%,55.3%,4,71.3%
TMS,91.6%,81.1%,79.1%,72.5%,5,69.1%,78.8%,53.8%,4,57.2%,58.3%,3,71.3%
NTL,69.3%,85.8%,68.1%,55.6%,4,77.1%,54.7%,53.5%,4,85.8%,92.2%,5,71.3%
FPT,94.2%,65.7%,91.8%,91.8%,5,33.2%,19.7%,58.9%,2,88.3%,97%,5,71.2%
TIG,52.4%,90.3%,63.8%,40.5%,4,90.1%,52.4%,84.3%,4,76.8%,89.5%,5,71.1%
TNG,83.6%,94.1%,63.9%,80%,5,64.3%,43.9%,19.5%,3,97%,93.8%,5,71.1%
HSG,88.2%,88.6%,61.8%,85.8%,5,45.7%,82.7%,19.3%,3,91.5%,98.4%,5,73.6%
HAT,98.4%,95.2%,95.7%,96.2%,5,39.6%,61.8%,53.9%,3,63.9%,57.9%,4,73.6%
DGL,93.2%,86.6%,71.5%,58.3%,4,72.6%,75%,45.4%,4,95.3%,62.3%,4,73.4%
EVG,56.1%,88.4%,72%,46.4%,4,86.6%,69.2%,86.4%,5,89.9%,91.7%,5,76.3%
CII,93.9%,88.3%,76.1%,83.8%,5,50.8%,67.6%,48.2%,3,81.8%,95.2%,5,76.2%
PXT,60.7%,97.9%,62.9%,84.9%,4,78.5%,94.3%,32.7%,4,93.6%,79.4%,5,76.1%
COM,96.7%,76.8%,95.5%,82.2%,5,40.4%,51.1%,85.6%,3,73.5%,32.3%,3,70.5%
DMC,95.2%,54.5%,94.3%,85.5%,5,29.9%,60.8%,77.5%,3,89.5%,46.8%,4,70.5%
HHS,45.1%,67%,49%,29%,3,92.5%,84.3%,92.8%,5,78.2%,96.8%,5,70.5%
HUT,63.6%,79.9%,49.3%,50.6%,4,73.5%,75.6%,51.6%,4,93.6%,96.6%,5,70.5%
SHA,65.5%,91.1%,63.2%,56.1%,4,85%,78.2%,48.3%,4,62.8%,84.6%,4,70.5%
TDG,78.6%,89.7%,85.9%,74.9%,5,62.6%,29.8%,51.7%,3,68%,93.1%,5,70.5%
KVC,48%,91.3%,40.8%,32.6%,3,95.7%,63.3%,49.6%,4,94.7%,90.1%,5,67.3%
VDL,67.6%,50.6%,82.9%,64.5%,4,35.5%,68.4%,74.6%,3,4.1%,31.5%,1,53.3%
TVD,51.5%,77.3%,34.5%,40.5%,3,84.1%,64.4%,11.1%,3,63.7%,50.5%,3,53.1%
VCX,47.9%,94.9%,35.4%,48.5%,3,88.6%,41.1%,12%,3,52.4%,57.5%,3,53.1%
NHN,99.3%,98.5%,73.6%,92.9%,5,79.9%,92.9%,22.8%,4,37.6%,8.6%,2,67.3%
HCC,86.6%,90.1%,90.1%,87.4%,5,47.7%,48.7%,53.4%,3,69.4%,65.8%,4,71%
MDG,80.5%,93.6%,77.7%,74%,5,70.8%,47.2%,49.5%,3,74.9%,71%,4,71%
UIC,97.6%,96.3%,92.5%,89.3%,5,63%,78%,51.1%,4,7.5%,64%,2,71%
VCA,91.2%,96.1%,93.8%,89.5%,5,60.7%,15.7%,68.1%,3,52.1%,71.5%,4,71%
HEV,72.6%,85.3%,80.9%,58.9%,4,72%,65.5%,84.6%,4,72.8%,46.8%,3,71%
DHG,93%,47.6%,94.2%,87.1%,5,27.5%,39.5%,72.5%,3,88.2%,88%,5,70.9%
SGR,89%,78.8%,85.5%,90.7%,5,37.1%,64.7%,45.3%,3,83%,63.6%,4,70.9%
EID,80.8%,92.6%,80.7%,70.7%,5,69.3%,80.3%,56.2%,4,68.2%,60.8%,4,73.3%
LGL,85.3%,97.7%,62.4%,82.8%,5,79.1%,47%,29.9%,3,91.8%,82.8%,5,73.2%
TDS,95.1%,98.6%,95.3%,92.1%,5,76.6%,22.2%,72.3%,3,48.2%,57.5%,3,73.1%
PPC,82.4%,78.4%,87.3%,71.8%,4,50%,35.7%,70.1%,3,95.7%,85.8%,5,73%
CSV,94.1%,82.1%,98.2%,93.3%,5,35.8%,30.5%,82.8%,3,58.6%,80.5%,4,72.9%
NAF,74.5%,77%,78%,69%,4,62.4%,82.6%,55.6%,4,78.3%,78.5%,4,72.9%
CNG,90.1%,80.5%,92.8%,87%,5,40.2%,62.2%,75.8%,3,76.1%,78.5%,4,75.9%
ALV,86.5%,98.9%,83.2%,86.8%,5,88.9%,9.3%,53.9%,3,86%,88.4%,5,75.8%
NKG,94.1%,93.3%,73.6%,88.6%,5,50.1%,78.4%,23.9%,3,87.1%,92.3%,5,75.7%
CTD,99.8%,80.5%,83.6%,87%,5,40%,73.4%,58.6%,3,70.5%,86.9%,4,75.6%
HHG,65.7%,94.8%,72.4%,58.9%,4,84.9%,73.6%,57.9%,4,83.4%,88.6%,5,75.6%
DPR,93.6%,79.8%,71.7%,49.7%,4,76.6%,63.7%,86%,4,82.8%,74.5%,4,75.4%
TTH,57.8%,94.7%,70.1%,48.4%,4,89.1%,73.6%,75.4%,4,86.5%,81.6%,5,75.2%
TEG,74.7%,94.6%,90.9%,75%,5,69.2%,24.6%,84.2%,3,78.6%,83.9%,5,75.1%
HMH,71.6%,87%,76.8%,46.7%,4,83.6%,80.7%,91.9%,5,64%,72.6%,4,75%
PMC,97.6%,76.4%,97.8%,92%,5,35.5%,72.2%,85.8%,4,69.3%,47.8%,3,74.9%
HVA,56.7%,97.4%,72.8%,46.8%,4,94.5%,42%,70.7%,4,99.2%,90.5%,5,74.5%
VRC,86.9%,88.1%,88.2%,69.9%,5,46.8%,29.5%,80.5%,3,88.5%,91.5%,5,74.4%
ITD,67.2%,79.5%,84.5%,70.9%,4,71.1%,69.1%,73.7%,4,72.2%,80.5%,4,74.3%
SBV,90.6%,77.8%,96.1%,89%,5,43.6%,56%,80.5%,4,63.4%,71.4%,4,74.3%
PDB,72.2%,89.3%,68.4%,63.3%,4,74.1%,78.2%,55.3%,4,75.7%,57.5%,4,70.4%
PME,91.6%,50.7%,93.5%,79.5%,4,30.1%,71.8%,79.2%,4,69.9%,67%,4,70.4%
VGG,98.2%,87.3%,86.2%,92.2%,5,41.7%,66.4%,44.4%,3,52.9%,64.5%,3,70.4%
HPG,93.3%,63.2%,93%,90.2%,5,31.4%,7.5%,61.7%,2,93.8%,99.2%,5,70.4%
BFC,92.9%,83.1%,80.2%,92.7%,5,42%,64.9%,32.2%,3,58.5%,86%,4,70.3%
SMC,96.1%,95.1%,63.3%,87.8%,5,60.4%,32%,28.5%,3,89.3%,80.4%,5,70.3%
TVS,79.5%,88%,79.3%,81.8%,5,52.4%,14.8%,48.3%,2,83.6%,77.3%,5,67.2%
TCT,94.7%,66.4%,98.9%,93.6%,5,30.1%,33%,93.2%,3,68.9%,59.1%,4,70.9%
BSI,75.4%,78%,83.4%,75.7%,4,48%,29.3%,68%,3,96.8%,82.3%,5,70.8%
NHA,73.9%,87.8%,93.3%,71.6%,5,62.3%,36.8%,85.5%,4,74.9%,69.1%,4,72.8%
SFN,88.9%,73%,96.1%,83.2%,5,38.2%,40.3%,92.7%,3,83.6%,58.2%,4,72.7%
PCE,72.8%,91.4%,81.5%,59.7%,4,77.6%,80.3%,85.6%,5,64.1%,40.1%,3,72.6%
VNP,86.1%,99.3%,91.1%,97.4%,5,66.5%,43.2%,31.4%,3,54.6%,83.4%,4,72.6%
VNS,83.2%,92.4%,75.3%,64.7%,4,78.4%,51.4%,42.6%,3,80.1%,84.2%,5,72.5%
VNL,83.3%,85.1%,75.3%,64.7%,4,67.4%,73.9%,76.6%,4,81.4%,44.5%,4,72.5%
CAV,94.5%,72.6%,86.8%,89.7%,5,34.9%,69.6%,40.4%,3,82.8%,81.1%,5,72.5%
SAB,97.4%,43.2%,98.3%,95.1%,5,26.4%,49.1%,71.7%,3,90.1%,80.5%,5,72.4%
C21,88.4%,83.7%,95%,91%,5,62.9%,24.9%,73.9%,3,56.4%,74.7%,4,72.3%
GMX,89.8%,86.2%,96.5%,91.2%,5,39.7%,60.5%,62.9%,3,89.1%,35.1%,4,72.3%
TCM,89.1%,87.2%,69.7%,79.9%,5,54.2%,60.9%,29.9%,3,84.7%,94.7%,5,72.3%
HC3,99%,98.1%,99.5%,97%,5,68.1%,37.6%,82.3%,4,26.7%,60.8%,3,74.3%
TTC,87%,93%,86%,77.5%,5,64.9%,63%,58.5%,4,69.7%,67.7%,4,74.1%
CLC,94%,86.6%,91.5%,88.4%,5,58.5%,74.7%,47.9%,4,61.6%,62%,4,73.9%
NCT,99.1%,71.8%,99.9%,98.3%,5,27.1%,41.8%,85.2%,3,67.8%,73%,4,73.8%
ART,78.3%,96.2%,99.1%,94.8%,5,79.3%,19.6%,88.6%,4,13.4%,94.6%,3,73.8%
LIX,92.2%,70.1%,96.6%,93.9%,5,31.4%,68.4%,65.3%,3,74.8%,70.2%,4,73.7%
VE9,95.3%,99.6%,99.7%,98%,5,82.6%,18.4%,75.5%,3,6.6%,87.1%,3,73.6%
REE,92%,75.3%,87.4%,79.7%,5,45%,22.9%,69.1%,3,94.9%,96%,5,73.6%
LAI,99.5%,99.9%,56.6%,63%,4,81.6%,91.2%,49.3%,4,33.3%,30.2%,2,67.2%
SMB,91.3%,81%,95.2%,92%,5,37%,50.7%,38%,3,45.6%,73.9%,3,67.2%
HBC,96.3%,82.2%,66.6%,94.9%,5,33.4%,39.5%,27.4%,2,66.3%,96.9%,5,67.1%
PGC,79.6%,86.4%,73.8%,81.2%,5,52.6%,45.6%,36.2%,3,75.7%,72.9%,4,67.1%
NBC,77.7%,97%,50.1%,76.5%,4,79.7%,38%,11.8%,3,89.6%,83.7%,5,67.1%
DXG,80.7%,57%,87%,87.2%,4,34.4%,6.3%,61.9%,2,90.5%,98.8%,5,67.1%
LBM,93.7%,87.1%,91.9%,84.5%,5,51.7%,66%,63.4%,4,5.1%,58.4%,2,66.9%
SBA,78.7%,83.4%,85.3%,81.5%,5,45.9%,35.3%,47.4%,3,70%,75%,4,66.9%
SDK,92.5%,83.9%,94.7%,89.1%,5,40.9%,35.5%,67.8%,3,44.5%,53.1%,3,66.9%
DPM,73.2%,64.3%,71.6%,49.6%,4,56.5%,65.6%,83.9%,4,91.6%,94%,5,72.3%
INN,96.6%,73.4%,90.3%,84.3%,5,37.6%,71.3%,63.3%,3,67.6%,64.8%,4,72.1%
GIL,99.2%,95.4%,84.1%,90%,5,56.1%,24.1%,42.3%,3,73.8%,83.8%,4,72.1%
CHP,86.8%,79.7%,89.9%,85.4%,5,40.7%,52.2%,74.9%,3,60.7%,78.8%,4,72.1%
QCC,62.1%,87.9%,74.1%,52%,4,86.8%,69.8%,79.7%,4,99.4%,35.7%,4,72%
SHN,63.1%,76.1%,51.8%,44.3%,3,82%,70.9%,44.4%,4,73.9%,95.5%,5,66.9%
QNS,90.9%,62.6%,93.6%,87.8%,5,32%,57.5%,49.3%,3,42.5%,85.3%,4,66.8%
KSD,52.1%,89.2%,73%,47%,4,83.9%,30.9%,81.7%,4,66.5%,77.2%,4,66.8%
PTS,56.9%,85.9%,50.7%,39.7%,3,89.9%,66.2%,63.3%,4,89%,60%,4,66.8%
VQC,71.3%,88.9%,70.9%,45.3%,4,87.6%,70.9%,83.2%,5,55%,27.4%,3,66.7%
VBC,86.2%,75.9%,64.1%,89.5%,4,67.5%,58.4%,24.2%,3,80.1%,53.8%,4,66.6%
SD4,84.7%,97.4%,43.4%,76.8%,4,81.1%,76.1%,19.1%,3,62.2%,58.8%,4,66.6%
NAS,93.9%,88.8%,90.6%,84.6%,5,44.7%,35.8%,64%,3,36.8%,60.1%,3,66.6%
NLG,84%,57.8%,85%,82.9%,4,39.1%,13.6%,59.5%,2,86.1%,91.2%,5,66.6%
CEE,78.2%,76.3%,54.2%,78.4%,4,43.6%,75.3%,27.6%,3,86.6%,79.5%,5,66.6%
