stock_id,last_close,book_value,highest_52w,lowest_52w,pe,eps,roa,roe,beta,avg_vol_13w,on_bal_vol_ratio,volume,cap_market
CLX,10.1,10.2,12.5,9.3,17.5,577,3%,6%,0,2536,0.01%,86600000,875
CMC,5.6,13.0,12.3,5,17,330,1%,3%,0.76,315,0.01%,4561050,26
CMF,121.1,31.0,124.6,50.2,24.5,4942,7%,16%,0,27,0%,8100000,981
CMG,27.8,18.9,49.0,13.2,10.8,2570,7%,17%,0.04,288515,1.27%,67242694,1872
CMI,1.2,1.0,6.6,1.2,0.2,7286,44%,741%,0.91,27924,0.41%,16000000,18
CMK,10.4,13.8,10.4,10.4,6.7,1548,1%,10%,0,0,0%,1432578,15
CMN,46.8,26.2,51.9,23.3,12.8,3657,9%,14%,0,2942,0.13%,4800000,225
CMP,9.6,10.8,9.6,9.6,14.3,669,4%,6%,0,0,0%,32405415,311
CMS,4.1,13.5,6.1,3.6,107.9,38,0%,0%,0.10,13535,0.18%,17200000,71
CMT,9.5,19.6,13.7,8.5,9.1,1045,3%,5%,0.18,1480,0.04%,7283370,76
CMV,23,14.4,23.5,18.5,12.6,1827,4%,14%,0.06,149,0%,12103912,278
CMW,11.2,10.1,11,9.4,16.4,681,3%,7%,0,636,0.01%,15534900,174
CMX,5.0,4.3,7.1,3.2,2.8,1757,3%,41%,0.89,6474,0.11%,13221234,65
CNC,41.1,0,41.5,29.3,0,0,19%,25%,0,249,0.01%,9470357,389
CNG,29.5,17.8,31.5,25.9,7.4,4001,15%,23%,0.40,51861,0.46%,27000000,796
CNH,14.5,10.1,17.7,9,198.6,73,1%,1%,0,63,0%,24539049,356
CNN,16.3,0,20.5,10.2,0,0,3%,13%,0,271,0.01%,6800000,111
CNT,2.2,0,4.2,1.2,0,0,34%,106%,1.62,1886,0.04%,9915069,22
COM,56,33.9,75.4,46.1,8.1,6909,18%,20%,0.34,578,0.01%,13752368,791
CPC,36.3,20.5,41.5,23.5,11.8,3081,8%,15%,0.01,956,0.05%,4081450,156
CPH,8.3,11.6,8.3,8.3,3.5,2345,9%,18%,0,0,0%,4400000,37
CPI,1.4,0.8,5.9,1.1,50,28,2%,4%,0,66,0%,36505000,51
CQT,2.9,4.5,7.9,2.3,2.6,1116,3%,25%,0,187,0%,25000000,73
CSC,23.4,23.8,34.2,21.9,3.7,6343,20%,50%,0.01,24360,0.52%,10000000,234
CSM,14.3,11.9,19.5,12.3,27,530,1%,4%,0.51,345443,1.16%,103625925,1482
CER,10.7,0,10.7,10.7,0,0,1%,7%,0,0,0%,1335000,14
CET,4,12.1,16.9,3.6,13.1,305,4%,5%,0.81,26675,0.92%,6050000,24
CFC,10.9,0,20.8,5.5,8,1369,0%,0%,0,119,0.01%,2443680,27
CGP,9.6,2.7,9.9,6.7,0,0,5%,53%,0,4979,0.10%,10735708,103
CGV,2.3,0,14.5,1.8,0,0,7%,8%,0,2047,0.05%,9499956,22
CH5,30,0,30,30,0,0,6%,10%,0,0,0%,3732450,112
CHC,8,0,9.9,8,0,0,6%,20%,0,0,0%,2720000,22
CHP,24.4,14.9,28.4,20.2,7.5,3257,13%,22%,0.09,85139,0.26%,125999511,3074
CHS,9.6,11.0,15.5,7.9,11.8,812,5%,7%,0,622,0.01%,28400000,273
CI5,11.7,0,16.5,9,0,0,3%,17%,0,471,0.04%,4500000,32
CIA,39,0,68.2,33.6,0,0,0%,0%,0.45,87238,2.31%,8000000,312
CID,2.2,4.2,20.5,1.9,0,0,9%,25%,0.09,150,0.03%,1082000,2
CIG,2.5,6.6,3.3,1.9,25.3,99,0%,1%,0.58,22851,0.18%,31539947,79
CII,32.5,27.3,40.4,29.4,6,5396,8%,21%,0.58,1217459,2.61%,279806415,9080
CIP,10,0,11.6,10,0,0,1%,5%,0,27,0%,4545000,45
CJC,23.5,19.2,23.5,23.5,17.6,1338,2%,7%,0,0,0%,4000000,94
CKD,18.4,13.9,18.2,9.3,6.4,2888,10%,21%,0,1990,0.02%,31000000,570
CKH,3.7,0,7.1,3.7,0,0,2%,9%,0,9,0%,1037626,4
CKV,22,21.3,22,11.3,20.6,1070,2%,5%,0.26,453,0.02%,4050000,89
CLC,34,34.0,50.6,32,6.3,5405,14%,24%,0.12,8283,0.10%,19655668,668
CLG,3.5,12.1,7.3,3.6,12.1,291,1%,2%,0.55,11467,0.12%,21150000,74
CLH,15.7,13.1,16.9,12.8,5.6,2798,7%,18%,0.30,7280,0.16%,10000000,157
CLL,31.4,17.5,30.9,24.6,12.8,2446,14%,14%,0.06,5672,0.04%,34000000,1068
CLM,15.8,0,17.6,13.6,13.1,1209,2%,9%,0.43,48,0%,11000000,174
CLW,18,16.0,22.5,16.4,16.6,1083,3%,7%,0.72,3649,0.06%,13000000,234
BTT,37.9,24.1,40.5,25.1,13.3,2854,8%,12%,0.21,612,0.01%,13500000,512
BTU,6.8,11.3,10.6,4.2,12.1,562,10%,13%,0,14,0%,3600000,24
BTV,20.6,11.2,35,14.7,20.3,1017,5%,9%,0,253,0%,25000000,515
BTW,15,15.7,23.3,13.2,52.1,288,6%,9%,0.39,1119,0.03%,9360000,140
BUD,13.6,0,19,10.5,0,0,0%,0%,0,4703,0.01%,0,0
BVG,1.7,6.7,2.3,0.8,0,0,2%,7%,0.29,16732,0.37%,9750948,17
BVH,106.6,19.9,107.9,49.5,47.7,2233,2%,12%,1.09,558835,0.96%,680471434,72538
BVN,16,0,16.1,6.0,0,0,3%,7%,0,8904,0.37%,5000000,80
BVS,20,22.9,21.9,16.3,12.3,1620,6%,7%,0.76,47061,0.20%,72223837,1445
BWA,12.6,0,12.6,4.3,0,0,4%,5%,0,12,0%,2700000,34
BWE,24.6,22.8,28.5,16.7,17.9,1373,2%,6%,1.09,320687,0.89%,150000000,3690
BWS,26.3,0,34.4,15.6,0,0,0%,0%,0,2779,0.01%,60000000,1578
BXH,14.9,11.6,27.2,10.5,23.1,645,3%,6%,0.16,1364,0.09%,4919665,45
C12,14,16.5,16,9,25.1,558,2%,18%,0,1248,0.05%,4850000,68
C21,24.7,26.7,26.5,15.9,6.9,3568,17%,26%,0.01,28575,0.34%,19619917,478
C32,35.9,32.1,43.4,31.5,5.4,6655,12%,21%,0.49,121509,1.95%,13663992,491
C36,13.7,0,13.7,13.7,0,0,1%,6%,0,0,0%,1123500,15
C47,14.3,17.6,23.5,9.9,11.3,1271,1%,7%,0.91,97936,1.29%,17020130,243
C69,5.3,10.8,16.0,4.4,5.6,940,3%,7%,0.03,81274,3.37%,5000000,27
C71,10.5,12.5,11.5,7.2,14.7,713,1%,12%,0,466,0.02%,5000000,52
C92,10.5,12.1,13.2,6,85.4,123,0%,1%,0.72,56,0%,5312920,56
CAD,0.8,6.5,1.4,0.4,1.5,520,1%,8%,0.32,992,0.02%,8799927,7
CAG,42.4,0,47.1,11,0,0,0%,0%,0.87,105,0%,13800000,585
CAN,28,23.5,30,19.6,28.6,980,3%,5%,0.35,1445,0.06%,5000000,140
CAP,33.4,13.4,39.5,28.2,12.6,2648,11%,20%,0.03,7297,0.32%,4760088,159
ALV,6.8,17.2,18.4,3.2,2.1,3182,10%,23%,0.70,101557,6.58%,3157936,21
AMC,25.5,17.7,30,20,6,4231,14%,24%,0.34,599,0.04%,2850000,73
AMD,3.8,12.1,23.5,3.9,14,274,4%,6%,0.21,2490558,6.61%,163504874,626
AME,12.4,12.4,16.2,4,12.3,1009,2%,8%,0.99,2301,0.04%,12000000,149
AMP,16.2,12.8,24.0,12.5,15.2,1063,1%,8%,0,1291,0.02%,13000000,211
AMS,6.7,12.2,9.5,5.6,5.7,1185,2%,10%,0,2715,0.04%,15000000,100
AMV,17,13.0,18.5,12.6,12,1419,10%,11%,0.34,5457,0.05%,27115750,461
ANT,10.3,0,12.9,8.3,0,0,2%,6%,0,616,0.02%,6000000,62
ANV,25.4,11.1,25.6,3.4,24.1,1050,5%,10%,0.36,787791,2.39%,124649875,3170
APC,34.8,22.7,90.8,21.6,6.1,5741,23%,25%,0.14,106360,1.92%,12013000,418
APF,47.9,0,59.6,41,0,0,4%,19%,0,1180,0.02%,13072268,626
APG,5.6,10.4,6.0,4.3,15.9,349,3%,3%,0.37,365536,5.93%,13528900,75
API,28.2,11.8,38,21.1,17.9,1576,4%,13%,0.16,3466,0.02%,36400000,1026
APL,15.6,0,16.8,16.8,0,0,2%,16%,0,0,0%,1200000,19
APP,9.8,11.2,11.5,5.2,27.5,356,2%,3%,0.06,3579,0.17%,4411655,43
APS,3,9.7,5.4,2.5,9.4,319,3%,3%,1.08,141937,0.93%,39000000,117
ARM,49.5,14.8,60,23,15.6,3173,7%,21%,1.69,767,0.06%,2592740,128
ART,8.7,14.6,26.9,5.2,3.9,2229,31%,35%,0,605483,4.77%,31050000,270
ASA,2.8,10.5,4,1.8,58.3,48,0%,0%,1.78,121611,2.61%,10000000,28
ASD,1.2,10.8,1.2,0.5,0,0,1%,5%,0,9337,0.48%,4000000,5
ASM,13.7,11.7,14,9.5,18.3,748,3%,5%,0.84,4370696,9.87%,241933853,3314
ASP,7.8,11.4,8.4,3.9,6.6,1176,3%,10%,0.42,56580,0.38%,37339929,291
AST,77.4,0,84.9,57.7,0,0,0%,0%,0.17,187317,1.31%,36000000,2786
ATA,1.5,25.2,1.5,0.6,25,60,0%,0%,0.93,43435,0.79%,11999998,18
ATB,1.3,11.1,11.2,1.3,5.3,243,1%,2%,0,402640,6.38%,13884000,18
CAT,6.9,0,8.7,4.5,0,0,0%,0%,0,4640,0.01%,0,0
CAV,52.1,22.2,56.2,47.6,9.2,5648,11%,25%,0.60,90652,0.44%,57600000,3001
CBI,5.9,3.2,5.9,5.9,9.9,597,0%,2%,0,0,0%,43006366,254
CBS,7.2,0,16.5,7.2,0,0,0%,0%,0,1625,0.09%,3527925,25
CC1,18,18.0,30,11,13.4,1344,3%,17%,0,188,0%,110000000,1980
CC4,8,14.4,21.1,4.9,127,63,0%,0%,0,244,0%,16000000,128
CCH,7.3,0,11.2,7.3,0,0,2%,8%,0,14,0%,1000000,7
CCI,14.6,15.3,16.3,11.6,8.9,1638,4%,11%,0.13,549,0.01%,17541105,259
CCL,4.0,10.9,8.5,2.7,13.5,295,2%,3%,0.08,280617,1.98%,35499885,141
CCM,30.7,33.4,54.8,11.4,3.8,8089,12%,26%,0.50,1300,0.04%,6199900,190
CCP,25.1,14.2,26.2,9.8,34.5,728,5%,6%,0,17,0%,2400000,60
CCR,18,10.6,65.8,17.7,57.5,313,2%,3%,0,2,0%,24501817,441
CCT,10,9.6,10,10,5000,2,0%,0%,0,0,0%,28480000,285
CCV,37,0,35,7.1,0,0,4%,20%,0,244,0.03%,1800000,67
CDC,17.5,17.5,19.5,12.9,9.5,1849,3%,10%,0.02,5862,0.08%,15706406,275
CDG,14.1,0,15,9.3,0,0,5%,10%,0,72,0%,3464995,49
CDH,5.1,0,9.8,5.1,0,0,2%,3%,0,29,0%,2000000,10
CDN,18.5,8.8,22.2,15.3,13.9,1330,10%,15%,0.77,2769,0.01%,99000000,1221
CDO,1.3,11.3,4.4,1.2,35.8,36,0%,0%,0.71,264503,2.06%,31504975,41
CDR,12.3,0,12.3,12.3,0,0,2%,7%,0,0,0%,1600000,20
CE1,7.5,0,14,7.5,0,0,6%,13%,0,39,0%,6000000,45
CEC,6.6,25.1,15.7,6.6,10.2,645,2%,8%,0,38,0%,5977036,39
CEE,18,12.3,32.0,17,8.2,2196,4%,18%,0.72,69157,0.43%,41500000,747
CEG,9.8,0,17.7,9.2,0,0,3%,12%,0,416,0.02%,3800000,37
CEO,15.6,14.5,16.6,9.7,13.6,1150,6%,14%,0.43,1205037,3.28%,154403991,2409
AAA,20.8,27.4,26.0,17.6,15.6,1336,6%,16%,0.64,1338263,5.12%,167199976,1739
AAM,10.5,23.1,11,8.9,101.5,103,0%,0%,0.16,2720,0.05%,10435840,132
ABC,14.3,26.7,31.1,13.5,0.9,15521,45%,59%,0,18021,0.20%,20393000,292
ABI,25.7,18.8,41.5,22,5.8,4407,10%,23%,0,8806,0.06%,38000000,977
ABT,36,34.9,43.5,25.1,15.2,2368,4%,7%,0.55,2250,0.04%,11558307,508
AC4,13.6,0,35.6,9.8,0,0,2%,24%,0,9,0%,2940862,40
ACB,49.9,16.0,51.1,20.1,25.9,1927,1%,13%,1.51,4255860,6.92%,1099348691,51263
ACC,20.1,0,27.1,19.5,8.4,2385,8%,12%,0.01,2056,0.04%,10000000,201
ACE,25.5,0,30.1,23.7,14.1,1806,16%,30%,0,1861,0.12%,3050781,78
ACL,8.5,16.4,8.9,7.6,8.6,983,2%,6%,0.22,11963,0.12%,22799675,194
ACM,1.1,10.0,2.5,1,2.1,536,4%,5%,1.44,344234,1.84%,51000000,56
ACS,14.1,0,20.3,7.4,0,0,2%,13%,0,101,0.01%,4000000,56
ACV,94.2,12.6,119,47.4,49,1921,9%,15%,0,181640,0.28%,2177173236,205090
ADC,17.4,15.9,17.5,12.4,6,2919,8%,19%,0.80,272,0.02%,3060000,53
ADP,18,14.2,37.8,17,5.8,3082,15%,22%,0,2089,0.03%,15359914,276
ADS,16,25.8,19.8,15.7,6.4,2499,4%,15%,0.07,25730,0.24%,25517801,408
AFC,10,7.6,20,6.5,3333.3,3,0%,0%,0,35795,0.72%,10688363,107
AFX,4.1,10.6,5.9,3.1,6.1,672,6%,6%,0,2210,0.02%,35000000,143
AG1,15,0,15,11.9,0,0,0%,0%,0,376,0.02%,4863386,73
AGF,5.5,18.0,10.5,5.2,0.5,10131,17%,56%,0.39,5681,0.05%,28109743,155
AGM,9.0,19.8,10.1,8,14.5,619,2%,3%,0.23,2990,0.04%,18200000,163
AGP,29.5,19.3,30.5,21.5,11,2674,9%,19%,0,204,0.01%,7404996,218
AGR,5.2,8.4,6.7,3.4,17.6,296,4%,4%,0.84,520141,1.23%,211200000,1102
AGX,30,0,41,17.4,0,0,14%,17%,0,113,0%,10800000,324
ALT,12.5,36.3,16.2,11.9,10.5,1195,3%,3%,0.31,878,0.03%,5736709,77
SGR,29,14.8,37.2,25.8,7.8,3708,10%,25%,0.60,11584,0.08%,39599989,1148
SGS,13.8,14.5,22.3,8.2,4.7,2931,18%,20%,0,177,0%,14420000,199
SGT,6.3,8.9,12.1,4.9,3.2,1982,8%,22%,0.26,16531,0.07%,74001604,467
SHA,7.3,15.2,9.4,7.0,5.6,1308,5%,10%,0.14,116361,1.01%,27579200,201
SHB,13.5,14.1,13.8,6.2,11.8,1141,1%,10%,1.69,18761283,29.96%,1203119924,16249
SHC,4.7,0,6,3.9,7.2,657,6%,10%,0.63,643,0.03%,4309550,20
SHG,2.4,0,3.8,2.2,0,0,10%,239%,0,454,0%,27000000,65
SHI,6.4,14.3,8.5,5.7,4.1,1583,4%,12%,0.41,318847,1.45%,63516346,412
SHN,9.9,18.4,10.8,9.1,8.3,1199,3%,7%,0.35,1147355,3.50%,123436019,1222
SHP,22.8,0,25.6,18.5,11.5,1977,7%,15%,0.13,10667,0.04%,93710200,2137
SHS,22.4,13.7,24.7,7.2,7.7,2917,6%,21%,2.22,2297090,7.88%,100000000,2240
SHX,5,0,5,4.5,0,0,1%,9%,0,3,0%,1720000,9
SIC,10.3,14.2,10.4,4.3,12.8,805,2%,7%,0.05,28993,0.40%,19999644,165
SID,16.5,21.1,29,14.5,19,867,4%,4%,0,16356,0.06%,100000000,1650
SII,19.8,23.6,27.0,17,26.8,737,1%,3%,0.32,424,0%,64516000,1274
SIV,50.8,0,66.5,38.1,0,0,19%,25%,0,711,0.05%,3012374,153
SJ1,19,14.3,28,10.2,18.3,1040,2%,8%,0.36,4489,0.05%,18780597,357
SJC,9.5,13.9,15.9,4.8,120.3,79,0%,1%,0.24,22643,0.66%,7226082,69
SJD,23.2,16.0,24.4,16.7,8.3,2807,13%,17%,0.16,49235,0.21%,68998620,1601
SJE,30,42.8,31,20.6,4.7,6427,6%,17%,0.46,1308,0.02%,11553105,347
SJF,15.1,12.8,17.0,13.3,44.4,339,4%,5%,0.60,146923,0.66%,66000000,993
SJG,8,0,9,7,0,0,0%,0%,0,819,24.79%,6607,0
SJM,0.8,0,1.4,0.7,0,0,4%,19%,1.35,4066,0.17%,5000000,4
SJS,26,22.7,29.3,22.3,20.2,1290,2%,6%,0.39,230386,0.79%,113898231,2600
SKG,26.8,16.8,52,24.3,7.4,3626,21%,22%,0.76,172687,0.97%,47979437,1286
ATG,2.3,33.8,4.6,2.0,10.1,227,1%,1%,0.35,125732,1.83%,15220000,35
ATS,49,11.9,62,10.1,189.2,259,1%,2%,0.15,16288,0.95%,3500000,172
AUM,10.6,10.8,10.6,10.6,18.3,578,4%,5%,0,0,0%,1000000,11
AVC,27,0,32.6,26.5,0,0,0%,0%,0,1127,0%,75052052,2026
AVF,0.3,38.4,0.6,0.3,0.2,1941,93%,5%,2.60,50868,0.31%,43338000,13
B82,2.3,10.1,3.3,2,22.1,104,0%,1%,0.19,1444,0.06%,5000000,11
BAB,22.7,0,26.9,22.5,0,0,0%,0%,0,44547,0.08%,500000000,11350
BAL,25.9,0,25.9,18.1,0,0,0%,0%,0,11,0%,2000000,52
BAX,25,17.6,25,16.7,8,3137,5%,18%,0.26,1652,0.04%,8200000,205
BBC,83.5,53.1,119.3,79.5,13.3,6300,8%,12%,0.30,563,0.01%,15371192,1288
BBM,11.5,0,12.6,11,0,0,0%,0%,0,340,0.03%,2000000,23
BBS,10,17.2,15.1,8,15.2,659,1%,4%,0.29,749,0.03%,6000000,60
BCC,7.2,16.4,14.1,6.4,800,9,0%,0%,0.28,126360,0.41%,110010054,792
BCE,6.7,11.8,6.7,5.6,7.8,852,2%,7%,0.14,42475,0.34%,30000000,200
BCG,5.9,12.6,8.2,4.6,13.8,430,2%,4%,0.28,282929,0.93%,108005760,640
BCM,25.7,0,26.5,18.8,0,0,0%,0%,0,82297,0.82%,23469000,603
BCP,9.5,0,11.2,4.7,27.9,340,2%,5%,0,1972,0.10%,4040000,38
BDB,3.5,11.3,8.3,3.5,5.2,675,5%,6%,1.05,48,0.01%,1126474,4
BDF,16.5,0,27.5,16.5,0,0,5%,15%,0,19,0%,1550000,26
BDG,29.5,16.9,33.6,25.1,4.7,6301,14%,37%,0,417,0.01%,12000000,354
BDP,10,9.7,10,10,625,16,0%,0%,0,0,0%,25000000,250
BDT,14.6,12.2,17,10,6.7,2186,11%,18%,0,310,0%,38600000,564
BDW,15.1,12.0,17,4.2,27.9,542,2%,5%,0,18506,0.32%,12410800,187
BED,30.1,13.4,40.9,29.5,13,2312,13%,18%,0.40,88,0.01%,3000000,90
BEL,7.1,8.3,7.1,7.1,2366.7,3,1%,1%,0,0,0%,6000000,43
S27,5.8,16.3,6.9,4.2,0,0,6%,22%,0.21,1,0%,1572833,9
S33,31,26.9,31,23.1,5.6,5582,10%,16%,0,20,0%,8331409,258
S4A,26,12.5,27,15.6,8.2,3181,11%,25%,0.24,6891,0.04%,42200000,1097
S55,20,62.7,25.6,19.7,4.1,4920,8%,16%,0.21,17333,0.60%,10003883,120
S74,5.3,19.4,9.9,4.6,5.3,1006,0%,0%,0.74,2561,0.08%,6480000,34
S96,0.6,0,0.8,0.5,12.2,49,0%,1%,0.88,2520,0.05%,11155532,7
S99,5.3,16.0,7.9,4.8,16.4,324,1%,3%,0.36,41375,0.27%,38849139,206
SAB,230,23.0,334.5,186.2,30.5,7548,23%,35%,0.87,130048,0.23%,641281186,147495
SAC,12.4,12.8,25.7,8.1,6.9,1805,10%,14%,0,1825,0.09%,4050000,50
SAF,59.4,14.7,67.9,44.6,14.3,4154,20%,28%,0.21,390,0.01%,7918154,470
SAL,9.8,0,12.4,8.5,0,0,0%,0%,0,532,0.01%,8310000,81
SAM,7.8,11.0,8.8,6.4,17.2,454,3%,4%,1.40,1133818,2.56%,241785703,1886
SAP,6.5,6.0,16.1,5,6.8,958,11%,16%,0.07,26,0%,1286984,8
SAS,29,11.6,32.5,22.7,13.4,2171,13%,19%,0,21570,0.06%,133481310,3871
SAV,10.2,19.9,13.6,9.3,8.7,1179,3%,6%,0.30,5470,0.09%,12270841,129
SB1,17.2,15.8,19,11.8,19.5,881,5%,8%,0,942,0.02%,10500000,181
SBA,15.8,11.8,16.5,11.5,7,2254,10%,19%,0.27,45901,0.22%,60288331,956
SBD,15.6,0,17.9,8.1,0,0,3%,15%,0,682,0.02%,8742536,136
SKH,22,43.2,32.5,22,9.3,2378,4%,6%,0,41829,1.11%,7951640,175
SKV,19.6,11.8,25.7,17.4,8.7,2241,10%,19%,0,11726,0.12%,23000000,451
SBL,26.3,16.7,25,17.1,7.1,3718,15%,22%,0,501,0.01%,12012000,316
SBM,31,12.0,31,20.6,18.9,1639,11%,24%,0,889,0.01%,39000000,1209
SBS,2.6,1.6,3.9,1.1,2600,1,0%,0%,1.71,876772,2.64%,126660000,329
SBT,17.3,12.8,41.7,17,22.6,766,2%,6%,0.98,5223671,9.35%,557018673,9636
SBV,32.8,22.5,36.4,27.8,8,4090,18%,24%,0.15,22331,0.20%,27366476,898
SLC,9.4,0,11.5,6,0,0,7%,10%,0,89,0%,9200000,86
SLS,68.9,51.5,160.9,63.5,3.6,19320,18%,45%,0.24,13174,0.34%,9791980,562
SMA,13.2,13.3,14,7.4,5.6,2364,7%,18%,0.07,9216,0.13%,16120000,213
SMB,31.4,16.0,32.0,25.7,7.4,4259,17%,27%,0,30790,0.25%,29846648,937
SMC,27.9,28.8,31,19.6,4.3,6437,5%,23%,0.83,76414,0.47%,41999243,1172
SC5,30.0,23.1,37.2,22.6,7.5,4003,3%,17%,0.29,7956,0.12%,14984543,449
SCC,1.7,3.3,3.7,1.5,0,0,8%,44%,0.03,94,0.01%,1980000,3
SMN,10.1,13.9,11.3,7.9,4.9,2062,10%,15%,0.13,1036,0.05%,4405000,44
SMT,26,15.5,28.8,18.0,11.6,2234,6%,14%,0.07,865,0.03%,5467432,142
SNC,10.5,14.7,15.3,9.3,3.4,3102,1%,4%,0,3108,0.13%,5000000,52
XHC,21.3,13.0,30.8,11.8,4.2,5044,28%,39%,0,1468,0.02%,21096500,449
XMD,4.1,12.9,11.2,4.1,4.1,996,3%,6%,0,0,0%,4000000,16
XPH,6.6,16.2,7.6,5.4,3300,2,0%,0%,0,4087,0.07%,12972475,86
SNZ,13.5,0,26.7,13.2,0,0,0%,0%,0,6036,0.01%,376500000,5083
SON,8,0,14.5,7.4,0,0,0%,0%,0,175,0%,9729930,78
SP2,8.6,6.7,10,4.6,9.9,872,1%,13%,0,6285,0.09%,15246000,131
SPA,18.5,13.8,21.1,8.0,14.8,1249,7%,9%,0,88,0%,8500000,157
SPB,62,0,75,62,0,0,14%,39%,0,0,0%,5000000,310
SPC,25,0,27.6,12.1,25.9,965,5%,17%,0,1482,0.03%,10530000,263
SPD,7,12.0,7.5,5.9,6.8,1030,3%,9%,0,142,0%,12000000,84
YBC,19.5,7.3,24.6,2.1,0,0,0%,6%,0.92,812,0.03%,5837430,114
YRC,8.6,0,14.3,8.6,0,0,2%,7%,0,0,0%,1900000,16
YTC,67,0,67,26.3,0,0,2%,21%,0,632,0.04%,3080000,206
SPH,14.9,0,14.9,5.7,0,0,4%,6%,0,96,0%,10000000,149
SPI,2.3,10.3,6.8,2.1,4.4,518,1%,1%,0.26,329933,4.40%,16815000,39
SPM,14.5,54.6,16.6,12.6,12.6,1143,2%,2%,0.30,3456,0.05%,13770000,202
SPP,6.3,16.1,26.1,5.2,5,1272,2%,8%,1.20,243925,3.14%,16952511,110
SPV,8.1,0,9.4,7,0,0,4%,13%,0,8544,0.17%,10800000,87
SQC,84,7.5,84,81,503,167,2%,2%,0.01,7779,0.03%,110000000,9240
SRA,11.8,13.6,13.4,7.8,2.1,5651,15%,42%,0.15,4061,0.41%,2000000,24
SRB,1.8,7.8,2.2,1.2,0,0,26%,26%,0.44,2356,0.06%,8500000,15
BPW,10,0,10,10,0,0,0%,0%,0,0,0%,10772000,108
BQB,8.5,0,19.8,8.5,0,0,0%,0%,0,179,0.01%,5800000,49
BRC,9.9,15.8,12.6,9.2,8.2,1202,6%,8%,0.06,836,0.01%,12374997,123
BRR,9.6,10.9,22.5,8.4,12.4,772,6%,7%,0,672,0%,112500000,1080
BRS,7.2,10.9,10.3,7.1,4,1779,10%,15%,0,10,0%,4541950,33
BSC,14.4,11.5,16.5,12.6,43.9,328,2%,2%,0.06,0,0%,3150747,45
BSD,41.5,0,41.5,32.0,0,0,6%,13%,0,0,0%,3000000,124
BSG,10,10.3,10.5,6.9,109.9,91,0%,1%,0,432,0%,60000000,600
VT8,15,32.2,15,4.4,0,0,8%,10%,0,403,0.02%,5173979,78
VTA,7.9,6.8,9.8,5,8.4,937,4%,14%,1.77,7472,0.20%,8000000,63
BSI,15.3,12.1,17.5,10.4,7.9,1931,10%,17%,1.40,126027,0.41%,107637435,1647
BSL,14.5,11.0,29.2,13.9,13.3,1088,6%,10%,0,1438,0.01%,45000000,652
BSP,25.3,19.8,28.4,19.1,5.6,4485,14%,23%,0,3533,0.06%,12500000,316
BSQ,22,13.6,24.4,19.9,9.2,2398,11%,18%,0,1996,0.01%,45000000,990
BSR,23.1,0,31,23.5,0,0,0%,0%,0,2012426,4.55%,241427969,5577
BST,12.5,12.1,12.5,9.1,9.7,1286,8%,11%,0.85,150,0.03%,1100000,14
BT1,17,0,19.5,15.5,0,0,4%,11%,0,66,0%,5250000,89
VTB,19,18.5,19.9,13.5,11,1728,3%,10%,0.27,4112,0.07%,10892660,228
VTC,11,19.9,12.8,8.2,6,1823,3%,15%,0.44,1979,0.09%,4534696,50
VTG,8.5,9.2,18,8.5,39.9,213,1%,2%,0,0,0%,18644500,158
VTH,13,17.1,15.9,10.2,13.6,955,4%,6%,0.11,3395,0.14%,5000000,65
VTI,2.5,56.3,3.1,1.9,0,0,61%,26%,0,36,0%,3500000,9
VTJ,7.3,10.6,9.9,6.4,40.6,180,2%,2%,0.66,4755,0.09%,11400000,83
VTL,30.3,9.6,30.3,10.6,34.1,888,3%,9%,0.86,38,0%,4050000,123
BT6,5.1,16.0,6.1,4.1,14,363,0%,1%,0,1429,0.01%,32993550,168
BTB,10,13.7,12,7.7,12.9,775,2%,6%,0,261,0.01%,7691226,77
BTC,61,0,70,40,41.3,1477,20%,193%,0.57,27,0%,1429103,87
BTD,17.1,33.6,20.1,13.9,10.3,1653,2%,7%,0,9436,0.31%,6414100,110
BTG,6,18.0,7,3.8,1.7,3634,1%,1%,0,3,0%,1190000,7
BTH,5.2,0,10,5.2,0,0,2%,2%,0,76,0%,3500000,18
BTN,12.1,0,24.4,12.1,0,0,0%,0%,0,20,0%,3000000,36
VTM,21.8,0,21.8,21.8,0,0,2%,9%,0,0,0%,3279797,71
VTO,8.5,14.2,9.0,7.0,7.3,1169,5%,8%,0.10,126155,0.50%,79866666,677
VTS,15,24.2,16.5,9.8,13.6,1103,4%,5%,0.48,231,0.02%,2000205,30
VTV,14.9,15.4,24.6,14.1,4.1,3594,7%,23%,0.14,5311,0.04%,31199825,465
VTX,11.1,12.5,21.2,11.1,13,857,5%,7%,0,320,0%,20972321,233
VVN,4.3,0,17.4,3.4,0,0,8%,540%,0,981,0%,55000000,237
VWS,9.5,0,23.8,9.5,0,0,12%,21%,0,44,0%,3600000,34
SCD,22.7,22.0,44.7,22,20.5,1109,1%,1%,0.14,8486,0.21%,8477640,193
SCH,12.7,11.2,12.7,9.1,7.6,1664,7%,15%,0,0,0%,15000000,190
BTP,11.4,19.0,12.8,10,7,1620,3%,9%,0.41,8390,0.04%,59285600,690
BTR,8.6,11.2,9.6,7.5,344,25,4%,10%,0,10,0%,1850000,16
BTS,4.5,11.1,8.9,4.4,321.4,14,0%,0%,0.40,4559,0.01%,119961769,540
VXB,12.1,15.7,15,8.3,9.3,1297,3%,8%,1.32,543,0.03%,4049006,49
WCS,153.8,96.3,187.9,148.5,6.3,24471,22%,25%,0.41,1112,0.09%,2500000,385
WSB,49.9,37.4,58.8,48.8,6,8366,15%,22%,0,9240,0.14%,14500000,724
WSS,3.6,10.8,4.9,3.4,13.4,268,1%,1%,0.13,26331,0.14%,50300000,181
WTC,2.2,2.2,4.3,1.8,0,0,16%,60%,0,0,0%,10000000,22
WTN,10,0,10,10,0,0,0%,0%,0,0,0%,10576827,106
X18,3.3,12.9,6,1.9,0.2,17017,10%,132%,0,4124,0.20%,4155777,14
SCI,7.9,13.7,9.4,4.7,5.2,1519,2%,11%,0.32,187,0%,10000000,79
SCJ,3.2,13.9,4.4,1.7,10.1,318,1%,2%,0.22,17603,0.21%,19516000,62
SCL,3,12.3,4.4,2.5,5.2,579,3%,5%,1.17,2060,0.03%,13889973,42
SCO,4.8,24.7,4.8,2,0,0,3%,2%,0,45,0%,4200000,20
SCR,13.0,14.3,14.4,7.8,13.8,938,2%,6%,1.03,6499043,14.63%,243872424,3158
X20,20.2,0,25.9,17.9,0,0,0%,0%,0.46,214,0%,17250000,348
X77,0.3,8.1,0.3,0.3,2.4,126,3%,1%,0,0,0%,1340877,0
VMI,2.9,11.0,6.5,2.7,17.4,167,1%,2%,1.17,53568,1.06%,10949999,32
VMS,12.6,0,14.8,7.3,25.3,498,2%,3%,0.30,2240,0.05%,9000000,113
VN30F1M,1141,0,1178.3,1140,0,0,0%,0%,0,15662,0.02%,0,0
SCS,198,19.8,196.8,69.2,28.4,6981,35%,38%,0,25986,0.14%,49452000,9791
SCY,13,14.0,13,13,11.5,1126,6%,8%,0,0,0%,61968926,806
SD1,2,4.8,2.6,1.2,0,0,6%,34%,0.87,110,0%,5000000,10
SD2,4.9,14.3,6.8,4.4,18.6,263,1%,2%,0.55,32310,0.49%,14423536,71
SD3,2.4,16.6,5.5,2.5,1.2,1936,2%,12%,1.68,9460,0.13%,15999356,38
SD4,9.7,17.5,12.7,9.2,3.3,2908,2%,17%,0.13,4922,0.10%,10300000,100
VN30F1Q,1156,0,1190,1155.6,0,0,0%,0%,0,91,0%,0,0
VN30F2M,1148.9,0,1185.1,1151,0,0,0%,0%,0,429,0%,0,0
VN30F2Q,1179,0,1203.5,1177,0,0,0%,0%,0,110,0%,0,0
VNA,1.4,0.1,2,0.7,0.4,3794,9%,1000%,0.27,7311,0.08%,20000000,28
VNB,18.5,10.7,20,10.8,48.9,378,3%,4%,0,20258,0.09%,67909960,1256
VNC,44,18.5,44,29.8,13.9,3169,11%,17%,0.04,1579,0.03%,10499955,462
VND,33.5,15.3,34,11.4,16.6,2014,7%,19%,1.50,1714817,4.67%,222164037,5192
VNE,7.8,10.5,10.1,6,10.9,713,4%,7%,0.58,517097,1.88%,88834033,702
VNF,56,46.6,62,39.5,7.5,7504,6%,17%,0.95,594,0.02%,5600000,314
VNG,15.2,13.2,18.7,10.3,50.7,300,2%,4%,0.64,295894,1.21%,75205000,1143
VNH,0.8,1.0,2.5,0.8,0.3,3000,142%,297%,1.06,29763,0.78%,8023071,6
VNI,9,0,12.6,4.7,0,0,7%,29%,0.21,1737,0.04%,10337276,95
VNL,18.5,22.4,22.6,17.3,6.7,2768,7%,12%,0.55,1131,0.03%,9000000,166
SD5,8.2,19.2,10.6,8.3,8,1020,2%,5%,0.47,27379,0.25%,25999848,213
SD6,7.5,14.1,9.5,6.2,7.1,1053,2%,7%,0.48,21460,0.15%,34771611,261
SD7,2.6,12.9,4.4,2.7,866.7,3,0%,0%,0.30,8194,0.17%,10600000,28
SD8,0.3,10.6,1.4,0.3,0,9837,14%,96%,0.53,581,0.04%,2800000,1
SD9,8.3,24.9,10.8,6.6,5.6,1472,4%,8%,0.67,85669,0.62%,34234000,284
SDA,3,9.2,6.1,2.5,111.1,27,0%,0%,0.67,9508,0.09%,26205990,79
VNM,196.3,16.4,214.8,136.9,27.7,7093,30%,43%,0.90,834661,1.31%,1451453429,284920
VNN,8.2,8.5,8.5,7.3,0,0,5%,5%,0.01,0,0%,5726698,47
VNP,5.7,6.6,7.4,4.4,1.8,3139,13%,47%,0,87316,1.02%,19428913,111
VNR,24.3,21.3,25.7,20.9,11.5,2114,4%,10%,0.40,36148,0.11%,131075937,3185
VNS,14.7,24.2,24.4,12.1,5.3,2760,7%,12%,0.50,140564,0.62%,67859192,998
SRC,14.5,12.2,17.2,10.7,11.9,1220,4%,10%,0.37,119058,1.02%,28065765,407
SRF,18,14.8,20.3,17.0,7,2568,5%,17%,0.40,24225,0.18%,32495397,585
SRT,4.9,10.2,8.8,3.8,29.9,164,1%,2%,0,5499,0.03%,50310000,247
SSC,68.8,25.6,70.9,53.6,22.3,3080,9%,12%,0.06,1280,0.02%,14791387,1031
SSF,5,0,10,5,0,0,134%,169%,0,12,0%,3200000,16
SSG,1.6,0,1.6,1.6,0,0,12%,65%,0.66,0,0%,4981190,8
SSI,42,18.2,44.3,21,23.2,1814,5%,10%,1.65,6491876,11.88%,500063684,21003
SSM,15.3,12.4,18.4,11.2,7.7,1997,6%,16%,0.29,3899,0.15%,5501024,84
SSN,16.9,13.0,22.9,16.5,11.8,1427,5%,11%,0,73567,0.48%,39600000,669
SSU,7,0,17.5,7,0,0,1%,3%,0,14,0%,2500000,18
SDB,1.5,0,1.8,1.1,0,0,0%,8%,2.62,872,0.02%,11000000,16
SDC,9.6,20.9,15.9,9.6,6.7,1433,3%,7%,0.29,12,0%,2609710,25
SDD,1.6,9.7,2.6,1.6,4.3,368,1%,4%,0.25,56099,0.78%,16007685,26
SDE,1.3,5.5,4.7,1,2.1,607,0%,2%,1.04,118,0.01%,1751092,2
SDG,21.5,16.7,33.6,13.6,7.7,2791,8%,17%,1.03,260,0.01%,6499997,140
SDH,2.3,0.6,2.9,0.8,1.9,1216,7%,203%,0.94,48092,0.53%,19516700,48
VEF,58,10.7,70,48.5,207.1,280,3%,3%,0,7068,0.02%,166604050,9663
VES,1,1.7,1.4,0.8,0,0,168%,302%,4.80,4143,0.10%,9007500,9
VET,43,0,66,19.6,0,0,0%,0%,0,150,0%,16000000,688
VFC,9.8,14.2,12.3,5.5,21.3,460,1%,2%,0.18,1013,0.01%,33976121,333
VFG,51,35.1,61.9,32.1,8.7,5885,8%,17%,0.43,23554,0.23%,23759979,1212
VFR,5.2,18.6,15.3,4.8,2,2664,8%,14%,0.99,1133,0.02%,15000000,78
VGC,23.6,15.9,28.4,14.3,11.4,2069,5%,11%,1.76,1302159,2.44%,448350000,10581
VGG,53.2,33.4,60.4,47.9,6.2,8582,10%,27%,0,14025,0.08%,44100000,2346
VNT,20.7,17.7,33.5,20.2,6.3,3297,4%,19%,0.22,351,0.01%,8529890,178
VNX,4.2,0,4.2,1.6,0,0,15%,24%,0,1,0%,1429106,5
VOC,17.8,16.0,29.4,17.2,6.9,2594,10%,15%,0,10449,0.03%,121800000,2168
VOS,2.2,2.9,3.5,1.0,0.8,2559,9%,89%,0.27,625566,1.79%,138110000,301
ST8,17.2,13.3,28.9,17.2,17.7,970,6%,8%,0.64,4803,0.04%,25659902,442
STB,15.6,12.8,17.1,10.5,40.6,384,0%,3%,1.52,15114184,23.23%,1785215716,29409
VGL,5.9,12.5,11.1,5.7,7.2,817,6%,7%,0,4,0%,9325155,55
VGP,21,21.7,28.9,19.1,7.1,2948,1%,14%,0.37,412,0.01%,8053022,173
VGR,25.2,0,0,0,0,0,0%,0%,0,0,0%,0,0
VGS,11.2,15.8,11.9,8.8,5.8,1921,4%,12%,0.69,246061,1.66%,37198710,421
VGT,15.6,15.6,18.6,10.3,21.9,711,3%,8%,0,280094,0.51%,500000000,7800
VGV,10.2,13.3,11.4,6.6,10.4,977,4%,10%,0,4307,0.03%,35774448,365
STC,29.3,18.9,38.2,24.6,11.4,2572,10%,14%,0.04,3030,0.11%,5380730,166
STG,19.9,17.9,36.6,18.3,4.3,4669,22%,35%,0.86,129027,0.49%,85437879,1700
STK,15.1,13.0,23.5,14.3,9.2,1633,5%,13%,0.19,28934,0.14%,59937798,902
STL,0.8,0,1.8,0.5,0,0,3%,6%,0.91,707,0.01%,15000000,12
STP,4.9,18.6,7.9,4.6,12.5,393,1%,1%,0.44,1884,0.05%,8022063,39
STS,16.8,0,45,16.8,8,2098,4%,7%,0,4,0%,2768221,47
STT,9.5,0.2,13.5,5.9,4,2394,45%,1000%,0.41,319,0.01%,8000000,76
VIG,3,6.4,3.5,1.3,69.8,43,1%,1%,0.91,239233,1.74%,34133300,102
VIH,18.3,0,27,10,0,0,9%,61%,0,3518,0.26%,2800000,51
VHC,71.5,31.6,73.2,41.7,11.1,6424,12%,20%,0.64,241998,0.87%,92403943,6607
VHD,9,0,12,6.8,0,0,2%,9%,0,3078,0.09%,7000000,63
VHF,21,10.0,28.5,11.9,77.2,272,2%,3%,0,258,0%,21500000,452
VHG,1.4,3.6,2.8,0.8,0.2,7666,174%,217%,1.86,1654516,4.57%,150000000,206
VHH,4.3,7.5,5,1.9,0,0,6%,15%,2.17,2322,0.07%,7500000,32
VHL,46.8,23.7,63,41.7,7.5,6228,13%,26%,0.78,2219,0.02%,25000000,1170
STU,16,0,26.4,15.8,0,0,7%,11%,0,1,0%,1876000,30
STV,12.6,31.2,24,10,25.7,491,16%,21%,0,2768,0.05%,11000000,139
SUM,10.7,0,10.7,10.7,0,0,0%,0%,0,0,0%,2380000,25
SVC,46.5,51.1,57.4,40.9,14.2,3260,4%,11%,0.32,29398,0.28%,24975507,1161
SVG,9,10.1,9,3.3,87.4,103,1%,1%,0,16,0%,29350000,264
VIM,9.9,0,12.6,8.8,0,0,8%,18%,0,374,0.06%,1250000,12
VIN,13.5,15.2,14.1,8.8,8.2,1644,9%,11%,0,1908,0.02%,25500000,344
VIP,7.4,16.2,7.8,6,6.5,1141,5%,7%,0.29,141631,0.62%,68470941,507
VIR,10,0,13.0,7.9,0,0,8%,9%,0,117,0%,8240000,82
VIS,35.0,14.7,35,20,59.3,589,1%,4%,0.40,75897,0.31%,73830393,2580
VIT,14.3,13.2,24.7,13.3,5.5,2615,5%,20%,0.06,22530,0.26%,19500000,279
VIW,4.7,0,16.5,4.1,0,0,0%,0%,0,1400,0.01%,58018600,273
VIB,41.1,15.8,43,18.5,31.5,1303,1%,8%,0,418110,0.75%,564442500,23199
VIC,127,19.8,134.9,40,78.9,1610,3%,10%,1.18,2476152,3.73%,2637707954,334989
VID,9.1,17.8,14.4,3.7,2,4615,19%,28%,0.32,52663,0.49%,25522767,231
VIE,8.6,6.5,12.1,3.1,50,172,1%,3%,0.02,1233,0.16%,1561244,13
VIF,18,14.3,19.1,12.4,5.8,3106,19%,22%,0,3767,0.01%,350000000,6300
VPA,5.7,9.6,6.7,4,10.9,524,2%,5%,0,0,0%,15076177,86
VPB,66.4,19.8,69.3,35.9,13.7,4831,2%,22%,0.79,3523635,5.51%,1497403415,99428
VPC,0.9,4.1,1.5,0.8,0,0,10%,34%,1.05,3393,0.13%,5625000,5
VPD,14.3,11.8,17.3,10.9,9,1588,6%,13%,0.31,86110,0.29%,102493098,1466
VPG,16.8,0,21.9,14.8,0,0,0%,0%,0.10,73750,0.84%,20000000,336
VPH,9.9,17.8,12.5,8.6,3.4,2890,10%,20%,0.47,126588,0.58%,75659843,627
SVH,12.8,0,12.8,6.3,0,0,0%,0%,0,70128,1.05%,14820662,190
VIX,7.9,12.0,12.8,5.3,9.4,844,4%,7%,0.62,587869,2.44%,73604580,581
VJC,210,22.2,228.1,86.7,21,10009,14%,45%,0.67,1019483,1.91%,451343284,94782
VKC,6.1,12.4,13.4,5.7,8.2,742,2%,6%,0.27,105075,1.20%,20000000,122
VKD,19.5,71.8,112.9,10.1,0,0,1%,2%,0,21545,0.39%,11999988,234
VKP,0.5,16.8,0.5,0.5,0.8,592,38%,36%,1.66,0,0%,8000000,4
VLA,12,14.9,16,10.2,7.1,1694,10%,11%,0.19,380,0.07%,1080000,13
VLB,33.1,11.9,56.0,23,10,3311,21%,28%,0,897,0.01%,45000000,1489
VLC,17.3,19.9,20.7,14.4,11.4,1511,12%,15%,0,10878,0.05%,63101000,1092
VLF,0.6,1.1,0.9,0.3,0,0,26%,104%,0.93,274,0%,11959982,7
VPI,41.9,0,42.7,34.2,0,0,0%,0%,0.41,142763,0.38%,160000000,6704
VPK,5.5,8.0,9,5.4,2.1,2622,10%,33%,0.30,1493,0.02%,14998817,82
VPR,37.1,0,32.3,9.7,0,0,28%,42%,0,108,0.01%,4160000,119
VPS,16.7,14.1,21.5,16,10,1665,7%,12%,0.02,449,0%,24460792,407
VPW,11.1,0,11.1,11.1,0,0,0%,0%,0,0,0%,11168676,124
VQC,9.9,23.6,15.0,9.1,6,1650,6%,7%,0,139,0.01%,3599580,36
VLG,5.9,12.0,7.2,4.9,5.3,1113,6%,9%,0,3001,0.05%,14212130,84
VLP,9,11.2,10.8,9,12.2,738,13%,16%,0,177,0.01%,3536222,32
VLW,10,10.3,14.5,7.2,9.5,1057,7%,10%,0,576,0%,28900000,289
VMA,12.3,11.0,16.1,6,0,0,3%,13%,0,35,0%,2700000,33
VMC,51,46.5,53.7,24.2,2.2,23060,12%,50%,0.48,43521,0.93%,10000000,510
VMD,20,21.9,30.6,20.5,11,1811,0%,8%,0.28,890,0.01%,15440268,309
QNS,52.5,18.3,96.4,45,12.6,4171,15%,23%,0,234850,0.53%,243813054,12800
QNU,10,0,10,9.8,0,0,2%,3%,0,453,0.01%,6800000,68
BFC,33.8,21.4,41.2,30.1,7,4859,9%,29%,0.05,180721,0.89%,57167993,1932
BGW,10,10.2,10.1,10,43.3,231,2%,2%,0,111,0%,18149446,181
BHA,13,9.5,19,10,12.9,1010,3%,11%,0,1599,0.01%,65000000,845
BHC,3,5.2,3.6,2.1,0,0,2%,10%,0.76,2998,0.14%,4500000,14
BHK,12.5,0,12.5,12.5,0,0,0%,0%,0,0,0%,0,0
BHN,117.4,28.9,167.6,74.6,36.2,3242,8%,11%,1.40,17764,0.04%,231800000,27213
BHP,10.2,17.2,12.4,9.2,7.2,1416,2%,3%,0,631,0.01%,9179290,94
VRC,20,15.3,25.6,14.1,6.1,3261,11%,14%,0.79,390193,2.12%,50000000,1000
VRE,51.8,13.7,61,40.6,109.3,474,5%,8%,1.51,2910927,4.47%,1901078733,98476
VRG,5,10.0,12.3,2.6,41,122,1%,1%,0,9612,0.09%,25894868,129
VSA,20,29.1,24.2,18.2,5.8,3478,7%,12%,0.32,1191,0.02%,12814994,256
VSC,38.6,37.5,57.4,34.7,8.2,4735,11%,15%,0.51,268448,1.46%,50112304,1934
VSG,1.2,25.0,2.1,1,0.4,3112,13%,12%,1.36,1920,0.04%,11044000,13
VSH,17.7,14.4,19.6,14.9,12.6,1410,4%,10%,0.27,54029,0.13%,202241246,3650
VSI,20,16.9,26.8,12.7,8.6,2326,5%,14%,0.36,9262,0.15%,13200000,264
VSM,13.9,14.0,16.6,10,9.6,1449,6%,10%,0.77,1388,0.09%,3050000,42
VSN,46,11.8,55,36.2,28.7,1602,7%,14%,0,2336,0.01%,80914300,3722
VSP,1.1,4.3,1.1,1.1,0,61878,221%,131%,1.54,0,0%,32915803,42
VST,0.7,11.5,1.2,0.6,0.2,3956,16%,34%,0.31,14452,0.07%,60999337,43
VT1,9.5,15.3,17,8.7,33.6,283,7%,14%,0,1107,0.11%,2000000,19
VMG,3.5,4.0,3.9,2,29.7,118,1%,3%,0.01,6113,0.14%,9600000,34
QNW,9.2,0,9.2,9.1,0,0,6%,11%,0,0,0%,20000000,184
QPH,17.5,15.9,23.8,10.1,8.4,2078,9%,14%,0,1549,0.02%,18583100,325
QSP,7,0,13.0,7,0,0,12%,16%,0,160,0%,10792275,76
QST,10.6,12.3,12.7,9.7,5.8,1840,6%,15%,0.20,81,0.01%,1620000,17
BHT,4.4,1.5,5.3,2.6,1.7,2547,7%,172%,0.36,232,0.01%,4600000,20
BHV,5.4,0,11,3.7,0,0,2%,9%,0.97,154,0.03%,1000013,5
BIC,30.7,17.4,42.5,30.1,29,1057,3%,6%,0.16,14410,0.05%,117276895,3600
BID,44.4,13.5,45.5,15.8,22,2019,1%,15%,1.61,2302827,3.43%,3418715334,151791
QTC,20.5,16.9,26.0,21.5,7.3,2809,9%,17%,0.14,845,0.06%,2700000,55
QTP,10.3,8.2,10.2,6,6.8,1505,5%,18%,0,7831,0.01%,450000000,4635
RAL,132.9,64.2,146.3,100.4,7.1,18611,9%,29%,0.24,14448,0.27%,11500000,1528
RAT,9,0,12.8,7.2,0,0,3%,11%,0,47,0%,3121841,28
RBC,14.6,0,14.6,14,0,0,1%,2%,0,0,0%,10030308,146
BII,0.9,10.5,4.3,0.9,15.3,59,0%,0%,0.63,99002,0.48%,57680000,52
BKC,8.8,13.5,9.2,5.4,13.3,664,3%,4%,0.36,483,0.01%,11541528,103
BLF,3,13.4,5.2,2.9,20.1,149,0%,1%,0.17,4412,0.09%,10500000,32
BLI,7,0,8.7,5.9,104.5,67,0%,0%,0,1438,0.01%,60000000,420
BLN,7.3,0,9.7,7.3,0,0,2%,3%,0,1,0%,5000000,37
BLT,28.3,0,41.6,12.9,0,0,11%,13%,0,107,0.01%,4000000,113
VCC,12.9,12.9,13.6,10.8,15.9,809,1%,6%,0.04,15484,0.28%,12000000,155
VCE,8,90.5,12.2,8,27.3,293,4%,6%,0,0,0%,5000000,40
VCF,166,28.8,243.1,126.9,11.8,14015,10%,48%,0.49,2462,0.02%,26579135,4412
VCG,21.8,17.8,27.7,13.4,6.8,3197,8%,21%,1.66,2350095,4.43%,441710673,9629
VCI,112,22.1,118,48,23.1,4841,11%,22%,0.29,95663,0.30%,120000000,13440
VCM,14.4,23.3,26.2,14.4,3.8,3786,8%,16%,0.57,488,0.03%,3000000,43
VCP,29.5,0,31.9,17.8,10.3,2865,9%,18%,0,8868,0.05%,45599995,1345
RCC,15,26.7,20.6,12.1,365.9,41,1%,3%,0,145111,2.09%,15457383,232
RCD,20.9,0,35.3,17,0,0,28%,65%,0,749,0.03%,5300062,111
RCL,20.6,29.3,23.5,15.8,10.4,1988,4%,7%,0.76,6897,0.19%,7559358,156
RDP,15.5,20.3,23.2,12.1,4.1,3792,7%,19%,0.26,27049,0.23%,28286076,438
REE,38.6,28.5,42.1,24.3,8.6,4514,11%,18%,1.12,1600375,3.32%,305056367,11968
RGC,7.6,9.0,18.7,2.9,53.9,141,1%,2%,0,1113,0%,89123600,677
RHN,9.2,0,9.2,9.2,0,0,2%,10%,0,0,0%,1509900,14
RIC,5.7,11.6,9.3,5.6,3.5,1599,11%,14%,0.49,3400,0.03%,79714190,163
RLC,10,0,10,10,0,0,2%,9%,0,278,0.05%,1138689,11
TRS,56,0,76.8,54.6,0,0,7%,18%,0,84,0.01%,2323624,130
TRT,9,12.4,16.9,9,40.4,223,11%,12%,0,19,0%,5500000,50
TS3,10,0,10,10,0,0,0%,0%,0,0,0%,659300,7
TS4,7.8,17.0,8.8,7.5,20.3,386,1%,3%,0.04,75110,1.04%,16051594,127
TS5,10,0,10,10,0,0,0%,0%,0,0,0%,314122,3
BMC,13.4,15.5,22.3,13.2,17.2,781,4%,5%,0.27,17520,0.31%,12392630,166
BMD,7,10.4,10.0,6.1,17.6,398,1%,4%,0,152,0.01%,2753280,19
BMI,31.2,24.8,36.0,25.3,12.1,2569,4%,10%,0.05,71167,0.26%,91354037,2850
BMJ,12,0,16.6,10.1,0,0,15%,18%,0,6777,0.24%,6000000,72
BMN,8.3,10.7,8.3,8.3,26.9,309,5%,12%,0,0,0%,2750000,23
VCR,3,8.5,5.7,2.3,6.7,448,2%,5%,0.99,12563,0.09%,35240000,108
VCS,121.5,29.9,140.6,54.2,17.3,7011,29%,47%,0.19,98870,0.39%,160000000,9720
VCT,5.4,2.7,6.3,0.6,0,0,1%,12%,0,169,0.03%,1100000,6
VCW,39.8,17.0,41,35,11.7,3398,15%,20%,0,29212,0.16%,50000000,1990
ROS,100,12.0,214.1,76.6,55.8,1791,8%,15%,0.59,1338655,2.48%,472999999,47300
RTB,12,19.7,17.1,9.7,4.7,2542,8%,13%,0,284,0%,87945000,1055
RTH,6,0,6,5.2,0,0,1%,9%,0,270,0.03%,2085900,13
RTS,11,0,11,8.5,0,0,6%,34%,0,131,0.02%,1083333,12
S12,0.9,0.5,1.8,0.5,0,0,0%,10%,1.56,12228,0.51%,5000000,4
TSB,8.8,11.4,14.5,7.6,16.9,520,3%,5%,0.18,104,0%,6745480,59
TSC,2.2,12.6,7.5,2.2,12.2,180,1%,2%,1.01,608570,1.69%,147648084,325
TSD,10,0,10,10,0,0,0%,0%,0,0,0%,1300000,13
TSG,10.5,10.4,10.5,9.7,59.3,177,6%,13%,0,1,0%,3074100,32
TSJ,18.5,11.5,37,10.2,14.3,1292,11%,11%,0,12,0%,74800000,1384
TST,5.5,22.0,5.8,4.2,7.5,732,1%,4%,1.17,1308,0.06%,4800000,26
BMP,71.3,30.0,107.5,68.8,12.4,5758,16%,19%,0.94,543774,2.11%,81860938,5837
BMV,10,9.8,10,10,37.6,266,2%,3%,0,0,0%,24200000,242
VCX,2.1,5.3,4.9,1.6,4.5,466,1%,8%,0,5608,0.05%,26530000,56
VDL,27.6,12.5,37.7,25.1,19.2,1435,9%,12%,0.36,332,0.01%,14657150,405
VDN,9.3,0,25.5,9.3,0,0,3%,16%,0,11,0%,2993910,28
VDP,34.7,0,44.7,31.9,14.2,2446,11%,15%,0.50,18206,0.31%,12782904,444
VDS,13.3,11.5,14.8,8.0,14,946,5%,11%,0.12,167462,0.61%,91000000,1206
VDT,20,0,28,13.6,0,0,8%,12%,0,37,0%,1965440,39
VE1,18.5,18.6,21.1,7,284.6,65,0%,0%,0.36,16531,0.57%,5991580,111
UIC,29.7,32.1,37.8,28.5,3.9,7566,14%,24%,0.18,7262,0.19%,8000000,238
UMC,10,0,10,10,0,0,1%,1%,0,0,0%,1841617,18
UNI,7.2,10.4,7.4,3.8,107.5,67,1%,1%,0.42,21570,0.31%,15316032,112
UPC,13.1,0,24.9,9.3,0,0,8%,17%,0,41,0%,3400000,45
UPH,18.2,12.3,26.4,18.2,47.9,380,1%,3%,0,231,0%,13294641,242
USC,7.8,0,10.5,7.5,0,0,2%,7%,0,90,0%,5500000,43
V11,0.4,3.4,1.2,0.3,0,0,8%,98%,0.91,7816,0.20%,8399889,3
V12,10.4,16.0,19.6,9.5,7.9,1315,1%,8%,0.72,6339,0.23%,5818000,61
V15,0.4,0.7,0.6,0.3,0.1,4056,16%,545%,0.68,986,0.02%,10000000,4
TTB,17.5,11.2,17.6,5.6,19.9,881,6%,8%,0.29,526107,3.22%,42569985,745
TTC,17,19.1,21.7,15.0,5.2,3273,10%,17%,0.26,8992,0.31%,5992348,102
TTD,60,14.2,73,41.5,14.8,4053,22%,29%,0,1597,0.02%,15552000,933
TTF,5.6,5.9,9.1,5.9,38.2,146,1%,3%,0.28,757724,1.79%,214607519,1198
TTG,5.5,0,9.7,5.1,0,0,2%,2%,0,176,0.02%,2000000,11
TTH,4.4,11.3,9.7,4.1,4.6,951,6%,8%,0.71,78555,0.64%,29899981,132
TTJ,38,15.6,77.2,26.8,17.6,2161,9%,14%,0,187,0.01%,3000000,114
TTL,8.5,0,10.2,8.2,0,0,0%,0%,1.73,991,0.01%,41908000,356
TTN,6.7,7.8,9.3,4.1,5.3,1261,9%,16%,0,1624,0.02%,24485000,164
TTP,35,48.3,77.5,30,7.3,4797,7%,10%,0,98,0%,14999998,525
TTR,31,9.6,54.2,20,64.2,483,1%,1%,0,92,0.01%,1993393,62
TTS,6,4.5,7.3,4,13,463,2%,10%,0,0,0%,50800000,305
TTT,62,75.3,69.9,46.7,8.2,7552,19%,20%,0.30,7481,0.34%,4570210,283
TTV,9,0,9,9.0,0,0,4%,16%,0,0,0%,1313800,12
BPC,19.5,27.1,20,15.7,5.3,3703,6%,14%,0.03,639,0.03%,3800000,74
VE2,11.4,10.6,12.8,10.1,41.2,277,2%,3%,0.03,2810,0.26%,2158880,25
VE3,10.8,13.4,12.8,9.6,7.2,1501,5%,11%,0.20,1123,0.17%,1319710,14
VE4,10,15.2,13.5,9.2,10,1005,4%,7%,0.62,446,0.09%,1028000,10
VE8,10.3,11.0,15.5,9,14.4,714,2%,6%,0.33,1052,0.12%,1800000,19
VE9,5.5,10.5,9,3.2,0.9,6042,38%,58%,0.21,122555,2.13%,12523613,69
VEC,6.4,15.7,8.1,4.6,100,64,0%,0%,0,13396,0.08%,43800000,280
VEE,10,12.1,10,8,22.8,438,5%,9%,0,0,0%,10185820,102
V21,13,10.0,21.6,7.5,5.5,2381,8%,24%,1.12,487,0.01%,11999789,156
VAF,10.2,12.8,13.8,9,6.7,1532,9%,12%,0.37,2564,0.02%,37665348,384
VAT,2.5,12.3,7,2.4,12.6,199,1%,2%,0.06,22588,1.01%,4544953,12
VAV,64.6,0,104.3,48.0,0,0,20%,43%,0,1063,0.03%,8000000,517
VBC,26.7,32.4,46.4,23,8.4,3163,5%,24%,0.50,2729,0.08%,7499972,200
TTZ,5.1,11.2,6.2,2.6,78.5,65,1%,1%,1.11,63993,1.92%,7210000,36
VBG,10.6,10.6,10.6,10.6,11.1,952,2%,6%,0,0,0%,8600000,91
VBH,24.9,5.0,24.9,9.3,180.4,138,2%,3%,0.05,4,0%,2900000,72
VC1,12,20.0,14.7,10.2,9.5,1265,2%,6%,0.72,1180,0.02%,12000000,144
VC2,14,20.3,18.2,13.5,7.4,1886,1%,10%,0.02,10682,0.16%,15000000,210
VC3,18,11.7,33.9,17,11.7,1536,6%,13%,1,427274,3.62%,28379461,511
VC5,1.2,1.9,1.4,0.7,0,0,16%,123%,0.38,64,0%,5000000,6
VC6,8.3,14.1,8.3,6.5,8.8,939,1%,7%,0.21,271,0.01%,8000000,66
VC7,17,12.7,27.5,14,9.4,1810,6%,14%,0.23,46490,0.91%,10999984,187
VC9,11.3,16.3,15.5,8.5,14.3,788,1%,5%,0.19,10567,0.19%,11695200,136
VCA,17,17.6,17.1,9.3,4,4252,15%,24%,0,18477,0.27%,15187322,258
VCB,70.9,15.0,74.7,34.1,28.1,2526,1%,17%,1.37,2525852,3.75%,3597768575,255082
TUG,4.9,0,10.6,4.9,0,0,1%,1%,0,177,0.01%,2700000,13
TV1,16.5,12.7,27.6,15.7,135.2,122,0%,1%,0.62,3234,0.03%,26691319,440
TV2,100.1,85.6,128,62.2,5.5,18287,14%,43%,0.16,35172,1.25%,11726940,587
SDI,96.4,26.7,128.5,38,11.9,8102,9%,29%,0,54384,0.17%,287989920,11568
SDJ,9.9,2.8,14.8,5.2,18.1,547,2%,18%,0.85,464,0.02%,4343700,43
THI,42.1,23.5,50.9,33.5,6.4,6568,16%,28%,0.04,11692,0.06%,48800000,2054
THN,10,10.4,10,10,24.3,412,2%,4%,0,0,0%,32995411,330
THR,6.4,0,10.6,6.4,0,0,5%,12%,0,47,0.01%,1688860,11
TV3,33.7,20.3,39.1,13.4,18.3,1846,6%,16%,0.41,1066,0.05%,8276326,164
SDK,32.5,20.0,35.4,23.7,6.9,4706,16%,24%,0,1735,0.14%,2600000,84
SDN,33,22.1,36.5,29.3,7.3,4497,10%,20%,0.01,341,0.05%,1518218,50
SDP,2.7,12.4,6.8,2.1,3.3,812,1%,7%,0.88,26117,0.51%,11114472,30
SDT,7.7,22.8,9.0,7.1,9.8,784,1%,3%,0.10,24019,0.15%,42732311,329
SDU,10.5,17.2,35.3,10,79.5,132,0%,1%,1.52,9198,0.11%,20000000,210
TCK,10,10.2,10,10,47.4,211,2%,12%,0,0,0%,23850000,238
TCL,27.4,30.6,31.9,26.5,5.9,4613,11%,15%,0.36,4841,0.05%,20943893,574
TCM,22.9,20.8,31.9,20.1,6.2,3720,6%,18%,0.65,743793,3.94%,51553379,1183
THS,9,12.1,9.1,6.2,10,903,3%,7%,0.21,172,0.01%,3000000,27
THT,6.5,11.7,7.1,5.7,5.7,1136,4%,10%,0.38,13794,0.13%,24569052,160
THU,12.5,0,12.5,12.5,0,0,1%,6%,0,0,0%,3297790,41
THW,19.5,10.3,23.1,11.4,475.6,41,0%,0%,0,44,0%,5000000,98
TIE,11,24.9,12.9,5.6,6.6,1679,6%,7%,0.10,963,0.02%,9569900,105
TIG,4.1,11.2,4.9,3.4,5.7,720,5%,6%,0.41,324854,1.31%,77243250,317
TIP,16.6,0,16.7,14.8,7.8,2132,11%,13%,0.15,4582,0.04%,26003143,432
TIS,12.6,10.3,13.9,9.3,24.1,523,1%,5%,0,105487,0.27%,184000000,2318
TIX,31,27.0,43.8,28.2,7.1,4341,11%,16%,0.19,330,0%,25646000,818
TJC,4.5,13.8,7.5,4.6,281.2,16,0%,0%,0.69,4188,0.10%,8600000,39
TKC,26,14.8,29.5,16.1,10.1,2581,3%,17%,0.15,4499,0.09%,10732232,296
TKU,11.6,14.8,17.1,9.5,4.5,2576,9%,17%,0.45,850,0.04%,30035575,54
TL4,6.7,21.9,7.5,6.1,209.4,32,0%,0%,0,8082,0.11%,16008338,107
TV4,21.6,12.6,24.3,11.1,13.6,1586,10%,14%,0.79,8956,0.14%,15770981,315
TVA,15.5,0,18.5,7.6,0,0,6%,17%,0,1146,0.15%,6000000,23
TVB,25.8,16.3,26.6,8.9,23.1,1115,9%,11%,0,91075,1.34%,15020000,388
TVC,9.1,12.0,12.3,7.2,20.2,450,2%,5%,0.08,227115,1.46%,40024107,364
SDV,15.5,0,30.8,12.9,0,0,4%,13%,0,783,0.03%,5000000,78
SDX,6.8,4.1,8.6,5.2,0,0,15%,77%,0,34,0%,2250000,15
SDY,7.5,1.1,10,3.9,2.3,3240,27%,301%,0.61,1028,0.05%,4500000,34
SEA,16,16.2,21,13.3,9.1,1756,9%,11%,0,6540,0.02%,125000000,2000
SEB,48.9,23.0,55,23.0,6.2,7844,20%,37%,0.75,2537,0.03%,20000000,978
SED,19.5,21.2,21.5,16.8,5.6,3476,10%,16%,0.05,2000,0.04%,10000000,195
SEP,10.8,11.6,10.8,7.5,35.8,302,3%,16%,0,55,0%,8400000,91
SFC,23,19.3,27.5,22.6,8.1,2838,6%,15%,0.14,329,0.01%,11234819,260
SFG,12.8,12.3,14.1,11.2,6.6,1919,7%,16%,0.24,54452,0.31%,47897333,611
SFI,28.9,30.7,32.8,27.4,9.2,3136,7%,11%,0.04,3908,0.07%,11930154,344
SFN,33.7,18.6,36.5,25.5,9.2,3682,18%,20%,0.62,2984,0.20%,2894150,101
SFT,3,0,3,3,0,0,2%,3%,0,0,0%,3000000,9
SGC,87.5,16.7,95.5,42.3,20.5,4274,19%,26%,0.01,269,0.01%,7147580,625
SGD,10.8,17.2,13.9,9.2,6.4,1679,5%,8%,0.02,663,0.03%,4037000,45
TCO,12.9,11.3,14.7,9,13.7,943,8%,8%,0.44,2360,0.03%,18711000,241
TCR,2.8,13.0,4.4,2.6,1.8,1566,5%,12%,0.33,7260,0.15%,45425142,29
TCS,4.8,11.7,5.4,3.8,3.6,1336,2%,11%,0.70,21880,0.19%,26846773,129
TCT,65,18.9,71,46.1,11.4,5703,29%,30%,0.24,5549,0.09%,12788000,831
TCW,19.1,21.5,31.9,17,7,2715,9%,19%,0,4296,0.06%,14998258,286
TLD,11,0,25.1,10.7,0,0,0%,0%,0.33,688033,8.63%,18000000,198
TLG,97.5,21.0,111.5,74.6,18.4,5302,17%,25%,0.15,2830,0.02%,50556256,4929
TLH,10.9,17.2,12.6,9.8,2.9,3724,12%,22%,0.70,718158,2.57%,91502313,1009
TLP,15.2,0,18.7,14.3,0,0,0%,0%,0,35877,0.66%,11830000,180
TLT,11.6,7.7,19,11,6.1,1898,10%,55%,0.72,7692,0.23%,6989800,81
TMB,9,17.9,11.5,5.8,5.2,1734,3%,10%,0.07,272,0.01%,10000000,90
TVD,5.4,11.0,6.1,4.8,8.1,664,1%,6%,0.15,3708,0.02%,44962864,243
TVG,0.9,0,0.9,0.5,0,0,2%,6%,0,0,0%,2029589,2
TVM,5,19.2,8,4.8,4.4,1128,2%,12%,0,88,0.01%,2400000,12
TVN,10,12.0,13.5,6.4,6.8,1466,6%,11%,0,119296,0.21%,678000000,6780
TVP,43,0,52,28.6,0,0,12%,16%,0,305,0.01%,11087936,477
TMS,32.5,41.3,53.1,31.3,7.4,4402,8%,15%,0.02,6501,0.05%,43205428,1123
TMT,11.2,11.9,13.9,7.9,46.7,240,0%,3%,0.17,14501,0.10%,36877980,418
TMW,10.1,21.2,15,9.2,9.8,1028,1%,1%,0,228,0.01%,4662350,47
TMX,9,16.8,12.3,7.6,5.2,1721,6%,10%,0.05,201,0.01%,6000000,54
TNA,37.6,33.1,45.8,31.4,4.7,7930,7%,24%,0.17,19386,0.34%,12592167,473
TNB,6.5,14.9,7.4,5,79.3,82,0%,1%,0,1023,0.02%,11500000,75
TNC,13,16.2,14,10.6,9.4,1390,8%,9%,0.03,9524,0.11%,19250000,250
TND,10.7,22.0,13.8,5.9,1.7,6249,7%,28%,0,18683,0.26%,16000000,171
SGH,28.7,12.2,40,20.2,23.8,1207,9%,10%,0.46,166,0%,12364100,355
SGN,139,20.6,197.2,134,16,8676,33%,47%,0,1906,0.02%,23995952,3335
SGO,1.4,11.5,1.8,1,233.3,6,0%,0%,0.24,38972,0.45%,20000000,28
SGP,12.2,8.1,13.9,7.4,6.5,1891,10%,25%,0,15749,0.04%,216294961,2639
TDB,42,0,42,28.5,0,0,32%,34%,0,610,0.02%,8230000,346
TDC,9,12.3,9.3,6.1,7,1284,2%,11%,0.05,312085,1.07%,100000000,900
TDG,13,14.0,17.3,8.9,5.8,2247,10%,16%,0.23,354980,6.01%,12900000,168
TDH,15.4,22.4,17.8,11.2,9.5,1608,4%,7%,0.65,652482,2.53%,81454867,1253
TDM,17,11.4,32.5,12.0,18.3,931,4%,10%,0,3965,0.02%,81200000,1380
TDN,5.2,11.5,7.1,4,6.6,789,2%,7%,0.67,62758,0.52%,29439097,153
TMC,13.5,15.8,14.7,11,7.3,1837,6%,12%,0.26,872,0.02%,12400000,167
TMG,44.6,17.8,59.5,12.7,5,8903,33%,50%,0,217,0%,18000000,803
TMP,33.5,15.1,38.3,24.4,7.5,4450,24%,30%,0.15,2065,0.01%,70000000,2345
TVS,14.3,12.4,13.6,7.8,6.1,2338,8%,19%,0.62,56056,0.27%,55229291,828
TVT,21.9,33.5,29.2,18.0,5.3,4162,6%,13%,0.15,10044,0.11%,21000000,460
TVU,7,10.8,7.7,6.7,25.9,270,14%,17%,0,10,0%,1750000,12
TNG,13.8,15.3,16.9,10.7,4.9,2801,5%,18%,1.41,562062,3.54%,41117291,567
TNI,6.1,0,12.9,5.9,17.7,345,3%,7%,0.93,532435,5.83%,52500000,128
TNM,5.2,0,5.6,2.7,0,0,2%,17%,0,3098,0.17%,3800000,20
TNP,9.2,11.1,9.4,8.9,26.1,352,9%,10%,0,12,0%,7100000,65
TDS,14,21.8,15.3,8.7,2.4,5900,17%,27%,0,4702,0.08%,12225393,171
TDW,21.5,16.0,29.7,19.5,11.9,1814,4%,11%,0.17,268,0.01%,8500000,183
PDB,10.1,14.5,17.7,9.7,5.9,1725,6%,12%,0.39,4034,0.10%,8909981,90
PDC,4,9.8,8,3.6,11.8,340,2%,3%,0.01,420,0.01%,15000000,60
PDN,86.8,33.8,103.3,58.4,13.7,6335,9%,19%,0.32,3559,0.06%,12347987,1072
PDR,40.6,12.8,43.4,21.3,20.1,2019,5%,16%,0.44,1390661,3.24%,221990923,9013
PDV,4.9,9.9,10.2,3,18.7,262,1%,3%,0,158,0%,17000000,83
PEC,6.3,0,11.4,6,0,0,0%,2%,0,594,0.04%,3115409,20
PEN,8.5,16.2,21.1,8.1,18.9,449,1%,3%,0.13,332,0.01%,5000000,42
PEQ,33,0,33,8.5,0,0,9%,24%,0,271,0.02%,3030750,100
PET,10.9,19.5,12.7,9.5,7.3,1502,2%,9%,0.96,364943,1.36%,86600124,944
PFL,1.2,7.1,2.1,1.2,4.8,250,2%,4%,1.31,129617,0.70%,50000000,60
TVW,18.5,0,18.5,10,0,0,0%,0%,0,4,0%,14597860,270
TW3,16.2,0,20.9,11.2,0,0,1%,10%,0,51,0.01%,1750000,28
TXM,9.5,17.3,13,7.7,8.1,1179,4%,7%,0.34,2021,0.06%,7000000,66
TYA,18,15.2,17.1,9.6,7.8,2306,7%,15%,0.20,17569,0.60%,30680582,110
UCT,10,10.6,10,10,204.1,49,3%,4%,0,0,0%,5344345,53
TNS,3.1,1.2,7.7,1.6,0.8,3790,12%,314%,0,10976,0.13%,20000000,62
TNT,2.7,10.8,5.5,2.4,17.7,150,1%,1%,0.18,161228,1.50%,25500000,68
TNW,9.5,15.7,14.9,5.0,36.3,262,1%,2%,0,1732,0.02%,16000000,152
TNY,8,32.6,8,6.7,27.3,293,1%,12%,0,0,0%,3000000,24
TOP,1.2,10.0,2.6,1.1,66.7,18,0%,0%,0,155389,1.45%,25350000,30
TOT,8.7,8.7,10.9,4,155.4,56,1%,1%,0,336,0.01%,5495000,48
TPC,13.5,15.5,13.5,8.3,9.8,1381,5%,9%,0.06,9985,0.10%,21268956,330
TPH,6.4,11.5,9,6.2,10.9,585,3%,5%,0.38,45,0%,2015985,13
TPP,10.5,10.6,23.1,9.1,39.6,265,1%,3%,0.50,1267,0.03%,9997889,105
TPS,21,21.0,32,12.9,88.6,237,17%,23%,0,295,0.01%,5000000,105
TQN,36,0,36,17,0,0,6%,24%,0,4,0%,3600000,130
TRA,95,27.0,134.2,93.0,16.3,5811,17%,23%,0.01,5885,0.04%,41450983,3938
TRC,27.7,52.1,31.5,26.6,5.8,4805,8%,9%,0.47,35812,0.29%,29600000,831
TEC,7,0,7,7,0,0,0%,1%,0,0,0%,1660340,12
TEG,8.9,11.3,9.4,5.7,4.7,1888,13%,16%,0.46,90633,1.14%,17999998,160
NNB,10,10.1,10,7.2,80,125,0%,1%,0,0,0%,15080000,151
NNC,47.5,21.4,56.4,46.5,5.4,8726,34%,41%,0.15,26698,0.28%,21920000,1040
NNG,8,11.7,10.5,6,37.9,211,0%,2%,0.67,1791,0.01%,52250000,418
POT,20,17.1,21.4,15.8,12.1,1647,2%,10%,0.37,2214,0.03%,19286346,389
POV,8.5,15.8,14.1,6.8,10.5,813,2%,5%,0,667,0.01%,10000000,85
POW,15.7,0,17.5,15.6,0,0,0%,0%,0,2866462,5.33%,467802523,7344
PGC,15,13.1,16.5,11.9,6.4,2356,7%,19%,0.39,35453,0.17%,60339285,905
PGD,38.5,15.7,53.4,36,16.6,2319,7%,15%,0.26,3624,0.01%,89999025,3465
PGI,18.5,16.7,22.8,16.8,13.9,1334,2%,8%,0.03,33189,0.12%,88604883,1641
PGS,31.4,19.2,37,16.4,14.3,2195,5%,11%,0.10,58444,0.32%,50000000,1570
UDC,3.6,11.9,4.6,3.3,22.9,157,1%,2%,0.21,19354,0.14%,34706000,126
UDJ,8,11.4,9,5,7.4,1079,4%,9%,0,1883,0.03%,16500000,132
TEL,9.2,0,12.1,6.6,0,0,2%,5%,0,21210,0.88%,5000000,46
TET,26.4,15.4,29.3,26.4,7.3,3598,22%,23%,0.05,8,0%,5702940,151
TFC,5.2,12.5,8.2,4.2,21.8,238,0%,1%,0.15,5940,0.08%,16829994,88
TGP,8,0,11.8,5.3,0,0,1%,15%,0,1413,0.03%,10000000,80
TH1,5.5,6.9,11.1,5,0.5,10497,18%,153%,0.07,784,0.01%,13539226,74
THB,18.7,19.1,20.1,15.7,21.4,875,3%,5%,0.57,888,0.02%,11424570,214
NNT,17.8,0,18.5,11.4,0,0,6%,19%,0,98,0%,9490841,169
NOS,0.6,163.1,0.7,0.3,0,0,10%,5%,0,647,0.01%,20056000,12
NPH,14.1,0,18.2,13,0,0,1%,1%,0,481,0.05%,2000000,28
NPS,24,14.7,24,7.8,24.6,977,3%,7%,0.47,107,0.01%,2170000,52
NQB,9.9,10.3,9.9,9.9,34.5,287,2%,3%,0,0,0%,17230204,171
NQT,10.5,10.4,10.5,8,26.7,393,2%,4%,0,88157,1.09%,18233269,191
NRC,43.8,0,39.9,30,0,0,0%,0%,0,38000,0.05%,0,0
NS2,30.5,10.2,30.5,5.8,137.4,222,1%,2%,0,158,0%,56800000,1732
NS3,47.1,11.6,55,12,50.2,939,18%,25%,0,45199,1.71%,5500000,259
NSC,111,69.3,128.5,95.9,8.1,13665,15%,22%,0.08,2395,0.03%,15295000,1698
NSG,12,0,14.3,8.1,0,0,6%,10%,0,1476,0.04%,8639208,104
NSH,11.1,11.4,11.6,7,89.5,124,1%,6%,0.19,179874,2%,20693437,230
NST,16,15.3,16,9.1,12.6,1271,3%,8%,0.36,506,0.01%,11202003,179
PPC,20.7,17.2,23.7,15.1,7.9,2627,11%,15%,1.26,256732,0.52%,318154614,6737
PPE,13,5.0,14.2,12.7,6.6,1966,25%,39%,0.13,519,0.05%,2000000,26
PPG,0.7,3.8,1.9,0.7,0.2,3429,16%,209%,0.20,286,0.01%,7103700,5
PPH,16,22.5,19.5,14,6.3,2526,4%,11%,0,8349,0.03%,74670891,1195
PPI,1.2,9.5,3.9,1.2,1.1,1027,6%,11%,0.73,270776,1.51%,48290629,56
PGT,3.3,6.8,4.7,3,0,0,14%,23%,0.39,442,0.01%,9241801,30
PGV,16.4,0,19.5,15.7,0,0,0%,0%,0,11227,0.02%,0,0
PHC,20.3,16.9,20.2,9.0,16.1,1263,2%,9%,0.46,385153,4.24%,20899956,424
PHH,10.7,17.1,16.5,9.2,10.2,1045,2%,6%,0.52,15776,0.18%,18214000,214
PHP,12.4,12.3,15.6,12,11.6,1066,9%,12%,0.22,17653,0.04%,326960000,4054
PHR,42.4,30.5,52,23.6,10.2,4138,8%,14%,0.74,362942,1.41%,78975047,3447
PTD,13.5,21.1,20.5,13.5,17.9,753,1%,4%,0.22,66,0%,3200000,43
UEM,36,14.3,36.1,5.0,47.1,765,5%,11%,0,6,0%,2438100,68
THG,39,27.3,58.0,36.1,4.9,7940,11%,30%,0.21,17517,0.32%,11999907,468
NT2,32,17.3,36.6,23.7,11.4,2815,8%,16%,0.59,355426,0.76%,287876029,9212
NTB,0.5,21.5,1.4,0.5,0.1,8259,11%,38%,0.91,64314,0.42%,39779577,20
NTC,68.5,0,94,42.5,7.7,8905,5%,38%,0,44360,0.62%,16000000,1096
NTL,10,15.9,10.6,8.4,6.5,1538,6%,10%,0.69,483598,2.21%,60989950,636
NTP,60,23.4,87.7,58.8,10.9,5519,12%,24%,0.34,56949,0.21%,89240302,5354
NTR,5.2,11.1,5.2,4.6,236.4,22,0%,0%,0,0,0%,1492000,8
NTT,12.3,0,12.3,12.3,0,0,0%,0%,0,10,0%,18500000,228
NTW,24.5,0,31.4,18.5,0,0,10%,12%,0,1947,0.04%,10000000,245
NUE,9.5,0,13.4,2.3,0,0,6%,11%,0,497,0.02%,6000000,57
NVB,9.8,10.7,10.5,4.3,134.2,73,0%,1%,1.41,469585,0.98%,301021552,2950
NVL,73.8,21.3,78,45.6,31,2378,4%,16%,0.60,1988811,3.45%,854956763,48165
NVP,6.3,0,11,6.3,0,0,1%,1%,0,0,0%,10963000,69
NVT,5,4.3,7.1,1.9,0.9,5298,85%,118%,1.49,650406,2.37%,90500000,452
NWT,6,0,6,6,0,0,0%,1%,0,0,0%,8500000,51
OCH,4.6,6.1,12.5,4.3,158.6,29,0%,0%,1.39,70691,0.17%,200000000,920
OGC,2.4,2.6,3.1,1.1,1.5,1552,9%,59%,0.11,2567305,5.38%,300000000,705
OIL,19.5,0,23.7,19.1,0,0,0%,0%,0,976761,2.37%,200445036,3909
ONE,5.2,12.4,6.2,4.5,5.2,1006,2%,8%,0.22,4839,0.13%,7960310,41
ONW,16.1,0,16.6,12.9,0,0,3%,4%,0,20,0%,2000000,32
OPC,56,22.6,62.4,41.3,16.6,3370,8%,15%,0.22,2091,0.02%,25311696,1417
PPP,10,12.4,12.3,7.7,9.5,1057,4%,8%,0.06,168,0.01%,6000000,60
PPS,8.4,12.9,10.6,8.6,4.9,1708,1%,13%,0.31,7404,0.11%,15000000,126
PPY,18.3,13.7,27.1,11.1,10.5,1736,6%,13%,0.48,81,0%,8240000,151
PRC,18,25.1,20.5,15.5,8,2258,4%,9%,0.03,42,0.01%,1200000,22
PRO,7,15.4,13,4.4,0,0,7%,8%,0,8686,0.59%,3000000,21
PSB,3.9,11.2,7,3.5,433.3,9,0%,0%,0,2299,0.01%,50000000,195
PSC,16,17.0,17.2,10.1,7.8,2045,6%,12%,1.40,1010,0.03%,7200000,115
PIA,32.5,18.5,37.8,21.8,5.4,5991,19%,32%,0,5380,0.37%,3000000,98
PIC,15.4,11.4,18.0,11.6,11.5,1344,7%,12%,0.66,1543,0.01%,30311066,467
PID,6.3,0.1,9.9,6.3,0,0,25%,1000%,0.20,0,0%,4000000,25
PIS,10.5,13.1,16.9,5.7,11.5,915,5%,7%,0,193,0%,27500000,289
PIT,5.6,10.3,8,5.3,1.7,3303,7%,32%,0.07,2265,0.03%,14210225,85
PTE,5.7,0.9,8.1,1.3,5.1,1124,3%,129%,0,4644,0.08%,12500000,71
PTG,1.5,0,1.5,0.5,0,0,14%,23%,0,0,0%,4604385,7
PTH,11.2,19.3,13.2,7.8,8,1393,4%,14%,0,82,0.01%,1839975,21
PTI,23,22.8,27.4,20.8,17.1,1346,2%,6%,0.19,3299,0.01%,80395709,1849
PTK,1.7,10.8,1.7,1.7,51.5,33,0%,0%,0.77,0,0%,21600000,37
PTL,3.5,9.9,4.8,2.4,10.7,326,2%,3%,0.19,50139,0.17%,98865080,349
PTM,4.8,0,25.5,4.5,0,0,6%,7%,0.05,592,0.03%,4200000,20
ORS,2.9,2.8,3.2,1.9,23.2,125,2%,13%,0.49,12687,0.12%,24000000,70
PAC,44.5,13.9,55.6,34.1,16.1,2766,7%,20%,1.02,58417,0.33%,46475609,2066
PAI,10,10.4,10,10,11.9,841,6%,8%,0,0,0%,4235290,42
PAN,66.8,35.4,72.6,33,21.8,3070,8%,12%,0.46,163550,0.51%,120201630,8029
PBK,10,0,10,10,0,0,0%,0%,0,0,0%,8642300,86
PSD,15.9,13.7,17.5,15.5,5.1,3099,3%,24%,0.07,3239,0.04%,21326549,339
PSE,8.5,12.9,13.1,8.2,9.3,913,6%,8%,0.39,1541,0.03%,12500000,106
PSG,0.4,11.0,0.6,0.3,0,0,13%,19%,1.53,11341,0.08%,35000000,14
PSI,4,10.1,5.4,3.6,19.5,205,2%,2%,0.78,1859,0.01%,59841300,239
PSL,31,0,64,28.4,0,0,21%,23%,0,266,0.01%,6750000,209
PSN,11.5,12.5,18.9,4.2,14,819,4%,7%,0,48,0%,40000000,460
NBW,15.4,14.9,25,13.4,22.9,673,4%,7%,0.81,48,0%,10900000,168
NCP,4,6.7,10.4,3.9,8.5,469,1%,7%,0,360,0%,196980622,788
NCS,48.7,13.4,53.5,36.9,25.1,1944,18%,35%,0,4108,0.05%,17949098,874
NCT,97.5,16.8,115.5,74.7,9.4,10426,54%,62%,0.23,26900,0.24%,26166940,2551
ND2,20,16.0,24,12.4,8.9,2252,6%,17%,0,2031,0.01%,49993960,1000
NDC,32,0,32.4,23.2,0,0,12%,15%,0,79,0%,5680000,182
NDF,2.6,11.1,18.9,2.2,2.4,1090,9%,10%,0.53,101992,2.74%,7853800,20
PTO,13,0,15.5,10.2,0,0,2%,6%,0,142,0.02%,1200000,16
PTP,9.5,0,13.8,8.7,0,0,3%,4%,0,353,0.01%,6800000,65
PTS,6,16.0,6.8,5.4,6.5,923,3%,6%,0.81,4212,0.16%,5568000,33
PTT,6.9,0,6.9,3,0,0,1%,4%,0,494,0.01%,10000000,69
PV2,3,5.6,3,1.7,22.6,133,2%,2%,0.13,43430,0.29%,36868800,112
PVA,0.6,1.3,0.9,0.5,7.3,82,0%,6%,1.51,8780,0.09%,21846000,13
PVB,15.2,18.6,23.6,9.9,6,2552,13%,14%,1.18,228338,2.44%,21599998,328
PBP,13.3,13.2,18,11.7,7.6,1750,6%,13%,0.44,809,0.04%,4081249,54
PSP,5.9,19.6,9.2,6.5,7.3,805,3%,4%,0,1899,0.02%,22500000,133
PSW,8.9,12.4,11.7,7.3,15.2,586,3%,5%,0.84,303,0%,17000000,151
PTB,104,42.3,127.4,88.6,9.4,11059,14%,33%,0.35,77592,0.71%,31104233,2696
PTC,6.4,13.1,7.9,5.2,11.2,571,1%,3%,0.63,8487,0.11%,17999999,115
MHL,7.6,11.9,9.4,4.6,54.3,140,0%,1%,0.99,3988,0.15%,5288623,41
MIC,4.7,6.4,5.2,2.5,7.7,609,4%,9%,0.04,129,0%,5514621,26
PVR,2.8,9.2,3.9,1.7,21.9,128,1%,1%,0.43,70,0%,52356713,149
NDN,19.7,13.3,21.2,7.5,9.4,2097,12%,16%,0.87,455053,2.81%,42136994,830
NDP,29,24.3,36.8,24.7,8.8,3277,9%,14%,0,172,0.01%,6105000,161
NDX,17.4,13.5,19.4,9.6,6.1,2836,10%,21%,0.03,20383,0.79%,5345747,93
NED,9.8,5.9,10.5,5.3,19.3,508,2%,11%,0,34107,0.24%,36254754,355
NET,25,12.5,30.9,24.2,9.5,2631,10%,21%,0.17,14306,0.15%,22398374,560
NFC,9,11.9,17.4,9,7.2,1252,7%,11%,0.61,580,0.01%,15731260,142
NGC,13.2,11.7,13.2,6.5,31.7,417,1%,4%,0.04,115,0.01%,1999944,26
PVC,7,19.0,14.1,6.4,64.8,108,1%,1%,1.13,460148,2.50%,50000000,350
PVD,20.0,35.1,30.6,13,289.1,69,0%,0%,1.52,3012621,5.88%,383266160,7646
PC1,31.4,24.4,40.7,28.1,15.3,2056,4%,9%,0.06,154613,0.49%,115452842,3625
PCC,16.7,0,21.8,16.0,0,0,0%,0%,0,1698,0.03%,11500000,192
PCE,9.7,15.5,16.5,9.4,5.5,1754,9%,11%,0.16,943,0.02%,10000000,97
PCF,10,7.4,10,10,44.6,224,1%,2%,0,2,0%,3000000,30
PCG,7.7,11.2,12.7,5.4,57.5,134,1%,1%,0.73,39420,0.47%,18870000,145
PCM,5.1,15.7,15,4.1,14.7,348,1%,1%,0,4,0%,4000000,20
PCN,3,7.1,3.7,2.3,1.2,2483,30%,35%,0.50,454,0.02%,3924550,12
MIE,10.1,0,10.1,10.1,0,0,0%,0%,0,0,0%,141991500,1434
MIG,14.9,11.3,15,10.9,18.3,816,2%,9%,0,28520,0.11%,80000000,1192
MIM,12.8,11.1,15.8,2.9,3.2,4057,14%,37%,0.39,6490,0.39%,3409860,44
MKP,70,22.0,80.9,67.6,17.7,3951,13%,18%,0.04,8135,0.10%,19420813,1359
MKT,15.3,10.8,15.3,15.3,956.3,16,30%,177%,0,0,0%,3200000,49
MKV,11.8,10.7,17.6,10.8,357.6,33,0%,0%,0.11,349,0.01%,5000038,59
MLC,9.7,0,10,9.7,0,0,1%,1%,0,0,0%,4171175,40
MLN,2.2,11.6,5.9,2.1,3.1,719,2%,7%,0,8229,0.05%,48625332,107
MLS,10,1.6,26.8,8.1,0.9,11427,31%,722%,0.42,853,0.04%,4000000,40
MMC,1.3,0,1.3,0.5,0,0,27%,55%,0.58,67,0%,3159925,4
MNC,4.9,11.2,5.5,3.7,62.8,78,0%,1%,0.67,2249,0.05%,9279261,45
PVS,22.4,27.0,31.3,14.9,12.5,1793,3%,6%,1.62,7769447,14.59%,446700421,10006
PVT,20.5,16.5,21.6,11.6,13.7,1501,5%,11%,0.67,814700,1.74%,281440162,5770
PVV,1.3,4.2,2.6,1.2,1.1,1131,3%,27%,0.62,144458,1.17%,30000000,39
PVX,2.1,6.5,2.8,1.9,2.3,895,3%,16%,1.28,2859030,5.52%,400000000,840
PVY,2.3,0,3,1.7,0,0,0%,0%,0,3729,0.02%,59489787,137
PWS,8.3,10.6,10.9,6.4,14.5,571,3%,5%,0,28,0%,23600000,196
NHA,11.1,11.8,15.3,8.2,6.1,1823,15%,15%,0.37,14151,0.24%,12759997,142
NHC,35.7,20.5,41.6,24.0,7.9,4519,18%,21%,1.37,518,0.03%,3041542,109
NHH,87,0,92.5,73,0,0,15%,25%,0,76209,2.45%,6500000,566
NHN,30,51.6,30,30,2.4,12251,7%,29%,0,0,0%,200000000,6000
NHP,1.5,10.1,4.1,1.5,48.4,31,0%,0%,1.12,145151,1.26%,27576490,41
NHT,45.4,0,48,17.7,0,0,0%,0%,0,9282,0.35%,5495491,249
NHV,14.4,11.0,14.8,12.1,33,436,3%,7%,0,1228,0.08%,3223600,46
NKG,27.2,22.6,44.3,26.1,5,5442,7%,24%,0.73,599540,1.78%,130000000,3529
NLG,41.1,23.7,42.3,21.6,14.5,2836,10%,20%,0.70,520820,1.41%,188671691,6454
NLS,10.8,0,10.8,10.8,0,0,1%,1%,0,0,0%,5009800,54
NMK,9.8,0,19.2,9.8,0,0,3%,19%,0,710,0.06%,2500000,25
SVI,41.7,27.6,44,31.3,8.1,5126,7%,19%,0.32,2999,0.05%,12808137,535
SVL,18.9,10.5,18.9,18.9,121.2,156,1%,3%,0,0,0%,3270858,62
SVN,2.2,10.7,3.9,2.1,27.8,79,1%,1%,1.14,107186,1.17%,21000000,46
PVE,7.3,12.9,9.3,6.9,4.9,1493,3%,12%,1.26,282188,2.66%,25000000,183
PVG,9.8,14.3,10.8,6.7,20.8,471,1%,3%,0.98,123458,1.07%,27719850,272
PVH,1.1,6.1,6.6,1.1,2.4,460,1%,8%,0,2030,0.02%,21000000,23
PVI,38.9,30.7,43.6,26.4,15.8,2461,3%,9%,0.61,677772,1.55%,225414167,9112
PVL,2.1,4.0,4.9,2,0.7,2912,27%,72%,0.49,83679,0.45%,50000000,105
PVM,10.3,11.9,13.5,5.3,14,736,4%,6%,0,26446,0.17%,38638600,398
MAS,78.8,15.2,97.4,76,8.5,9295,26%,61%,0.22,10142,0.49%,4267683,336
MBB,34.8,15.9,36.8,13.8,16.4,2123,1%,14%,1.43,6486678,9.99%,1815505363,63180
PCT,8.8,11.0,10.8,7.2,183.3,48,0%,0%,0.23,735,0.01%,23000000,202
MND,9.9,0,10,9.9,0,0,0%,0%,0,9,0%,2194475,22
MPC,86.2,34.8,110,50.2,9.4,9186,8%,29%,0.50,2931,0.01%,70000000,6034
MPT,2.6,10.3,6,2.5,7.9,329,2%,2%,0.04,34484,0.49%,15552000,40
MPY,10.5,0,10.5,10.5,0,0,8%,9%,0,0,0%,6143000,65
MQB,10,361.6,10,10,53.2,188,0%,0%,0,0,0%,3675675,37
MRF,22,0,25,17,0,0,0%,0%,0,8452,0.47%,3675404,81
MSC,11.7,17.7,26.6,9.8,13.3,881,2%,5%,0.31,3322,0.03%,22500000,263
MSN,102,19.3,114.6,40.7,34.4,2962,6%,18%,0.96,846668,1.36%,1047474042,118052
MSR,28.1,17.1,35.7,14.1,95.9,293,1%,3%,0,225195,0.39%,703544898,19770
MST,3,11.4,16.1,2.5,6.6,457,3%,4%,0,649803,8.15%,18000000,54
MTA,1.8,12.1,3.2,1.7,3.8,477,3%,5%,0,7083,0.02%,110113591,198
MTC,9.7,0,9.7,9.7,0,0,1%,1%,0,0,0%,5200000,50
MTG,4.5,9.7,5.5,2.6,0,0,2%,3%,0.18,5123,0.09%,11999995,54
MTH,11.2,0,20.2,10.3,0,0,12%,15%,0,575,0.02%,8618238,54
MTL,13.9,0,13.9,3.2,0,0,1%,1%,0,0,0%,6000000,83
PX1,10,0,10.9,6.6,0,0,4%,29%,0,0,0%,20000000,200
PXA,1,0.9,1.9,1,1.5,678,5%,77%,1.35,84469,1.25%,15000000,15
PXC,0.4,3.2,0.4,0.4,0.2,2579,27%,81%,0,0,0%,28068900,11
PXI,2.2,8.6,3.4,1.9,1.5,1427,4%,17%,0.27,24194,0.20%,30000000,65
PXL,3.3,10.1,4.2,1.9,23.4,141,1%,1%,0.80,249628,0.96%,82500412,273
PXM,0.3,22.6,0.5,0.3,0.1,2644,52%,12%,2.35,3757,0.06%,15000000,5
SVT,7.3,12.1,11,5.0,27.1,268,2%,2%,0.13,224,0%,10526937,77
SWC,13.5,17.6,15.7,11.0,1.8,7530,37%,43%,0,96546,0.43%,67100000,906
SZE,8.9,11.4,10,7.4,10,892,6%,8%,0,2628,0.02%,30000000,267
SZL,34.4,29.0,41.3,31.1,7,4895,6%,17%,0.05,4576,0.05%,18190900,687
T12,28,11.1,28,28,92.4,303,2%,4%,0,0,0%,13500000,378
PVO,6,0,18.7,4,0,0,2%,3%,0,68682,1.64%,8900000,53
PVP,6,11.6,11.7,4.1,7.9,764,2%,7%,0,1690,0.01%,94275028,566
MBG,2.4,10.6,4.3,2.4,25,96,1%,1%,0.59,31898,0.35%,20800000,50
MBS,20.4,10.5,22.6,5.6,128.3,159,0%,2%,1.74,608090,1.87%,122124280,2491
MC3,10,0,10,10,0,0,1%,2%,0,0,0%,3500000,35
ITQ,3,10.5,4.3,2.5,17.6,170,1%,2%,0.91,52150,0.51%,23843305,72
MTM,2.6,1.0,2.6,2.6,0.5,5271,5532%,519%,0,0,0%,31000000,81
MTP,16,0,19.7,12.2,129,124,1%,9%,0,26,0%,3001503,48
MTS,16.3,10.7,16.3,16.3,20.1,812,1%,8%,0,0,0%,15000000,244
MTV,14.4,18.3,15.5,10.9,19.3,746,6%,9%,0,191,0.01%,5400000,78
MVB,10.9,10.3,12.3,4.4,10.5,1042,3%,10%,0,326,0%,105000000,1144
MVC,10.4,11.3,12.6,8.4,10,1038,8%,11%,0,269507,0.92%,100000000,1040
MVY,3.2,0,10.2,3.2,0,0,2%,4%,0,420,0.02%,3969946,13
MWG,103.5,19.2,137.5,80.8,14.9,6958,10%,37%,0.57,549976,1.13%,323169521,33448
NAC,7,0,7.4,4.5,0,0,4%,15%,0,50,0%,2700000,19
NAF,15.2,16.3,30.9,14.9,8.1,1876,8%,14%,0.46,52923,0.43%,30000000,456
NAG,6.3,12.8,9.6,5.0,5.8,1093,4%,9%,0.70,18909,0.28%,14849578,94
NAP,11,11.0,12.2,10,11.3,974,8%,9%,0.12,1,0%,21517200,237
PXS,7.2,12.4,11.5,6.2,276.9,26,0%,1%,1.11,467555,2.23%,60000000,432
PXT,3.1,5.1,5.2,3.1,2.9,1073,5%,21%,1.02,51724,0.59%,19821510,62
PYU,11.5,0,11.5,11.5,0,0,1%,1%,0,0,0%,2073985,24
QBR,9,0,9,9,0,0,3%,12%,0,0,0%,1760500,16
QBS,5.9,12.9,12.5,5.1,7.7,770,3%,6%,0.72,249761,1.08%,69329928,409
QCC,7,15.9,10.1,6.4,6.1,1144,7%,9%,1.87,293,0.04%,1500000,10
QCG,13.2,15.0,28.2,5.6,8.6,1541,4%,10%,0.95,1223005,2.64%,275129310,3632
QHD,15.7,17.3,31.1,15.1,46.2,340,1%,2%,0.16,3772,0.14%,5524716,87
QHW,15.8,14.1,36.2,17.9,106.8,148,21%,30%,0,1026,0.03%,8000000,126
QLD,10,0,10,10,0,0,0%,0%,0,0,0%,1207400,12
QLT,11,0,11.5,7.2,0,0,5%,13%,0,123,0.02%,1500000,16
QNC,4.1,3.2,4.8,2.8,0.4,9572,15%,301%,0.35,3582,0.02%,37105109,152
TA3,12,0,12,12,0,0,0%,0%,0,0,0%,2309908,28
TA6,7.5,0,16.9,5.5,0,0,0%,0%,0,412,0.03%,3000000,22
TA9,13.3,13.5,19.8,12.0,4,3317,3%,24%,0.28,5608,0.11%,11049810,147
TAC,53.5,17.8,61.1,43,13.7,3918,8%,22%,0.01,3511,0.03%,33879648,1813
TAG,34.9,8.7,43.7,18.8,17.9,1950,8%,46%,0.48,16378,0.15%,24914991,870
TAP,9.8,0,10.7,7,0,0,11%,18%,0,0,0%,1416700,14
MCC,14.2,13.9,14.4,12.5,9.7,1460,8%,11%,0.33,1009,0.04%,4986124,71
MCF,13.9,14.6,19.7,12.6,11.2,1240,7%,8%,0.03,930,0.02%,8000000,111
MCG,2.9,13.7,4.3,2.2,90.6,32,0%,0%,0.34,54508,0.27%,52050000,167
MCH,96,20.9,99,52.1,24.5,3925,13%,20%,0,41909,0.08%,543132777,52141
MCI,5.3,0,7,4.7,0,0,8%,101%,0,0,0%,3500000,19
MCO,1.7,12.7,2.6,1.5,68,25,0%,0%,1.02,4936,0.25%,4103929,7
NAS,32,23.3,36.7,23.4,6,5357,13%,21%,0,5237,0.13%,8315764,266
NAV,5.3,10.4,9.6,4.5,15.7,338,2%,3%,0.30,1810,0.05%,8000000,42
NAW,7.9,12.6,14,8,292.6,27,0%,0%,0,6,0%,37385983,295
NBB,20.0,20.1,26.7,15.3,26.7,748,2%,4%,0.91,140204,0.49%,97432174,1947
NBC,7.5,12.8,8.8,5.6,3.5,2146,3%,17%,0.85,108647,0.74%,36999124,277
NBE,7.7,0,11.9,4.5,0,0,9%,13%,0,824,0.03%,5000000,38
ITS,2.8,14.1,4.7,2.7,40,70,0%,0%,0,10480,0.14%,16200000,45
IVS,9.6,10.1,11.2,8.6,872.7,11,0%,0%,0.41,5966,0.04%,34000000,326
JOS,2.4,9.6,2.4,2.4,4.4,551,3%,6%,0,0,0%,15322723,37
JVC,4.4,4.7,6.1,2.8,26,169,3%,4%,0.25,899566,2.89%,112500171,494
KAC,18.4,12.9,33.7,13.8,21.9,839,4%,6%,0.65,299,0%,23999999,442
LG9,10,0,10,10,0,0,0%,0%,0,0,0%,5026600,50
LGC,16.6,16.0,26,17.5,19.8,839,2%,7%,0.12,1439,0%,192436555,3201
LGL,9.4,15.7,13.9,7.8,3.1,3037,5%,20%,0.93,93757,0.68%,34593784,325
LHC,54.9,89.5,62.6,53.4,6.5,8418,11%,18%,0.11,7325,0.42%,3600000,198
LHG,25.3,21.8,26,16.3,7.7,3271,8%,15%,0.58,211542,1.15%,49997516,1265
LIC,7.5,5.4,10.2,4.9,7.3,1027,2%,21%,0,197,0%,90000000,675
LIG,4.1,12.0,7,3.9,24.7,166,0%,2%,0.38,87951,0.53%,42734232,179
LIX,45.2,14.6,51.8,41.2,9.9,4560,19%,31%,0.37,21564,0.16%,32400000,1464
LKW,15.2,0,21.5,13.1,0,0,14%,17%,0,265,0.02%,2500000,38
LLM,20.5,26.0,27.3,8.3,14.5,1409,1%,5%,0,8628,0.03%,79726104,1634
LM3,0.7,58.0,8.1,0.7,0.4,1807,2%,4%,0.05,1300,0.05%,5150000,4
PIV,3.7,10.6,48.2,3.7,12,309,1%,3%,0.16,499867,6.49%,17324942,64
PJC,54.7,17.3,54.7,12.1,15.8,3467,9%,20%,0.59,172,0.01%,5861556,321
PJS,13.1,0,15.1,11.2,0,0,4%,7%,0,134,0%,9000000,118
PJT,13.4,13.7,17,10.6,6.1,2198,8%,16%,0.31,2559,0.04%,15360478,205
PKR,6.7,0,7.1,6.2,0,0,1%,9%,0,277,0.03%,2000000,13
PLA,8,0,14.7,4.1,0,0,0%,0%,0,275,0.01%,10000000,80
PLC,20.7,16.6,29.9,19.6,9.8,2121,4%,13%,0.18,22263,0.09%,80798839,1673
PLP,20.5,13.6,30.4,14.4,10.1,2022,13%,26%,0.74,57877,0.85%,15000000,307
PLX,80,18.7,93.1,42.1,29.9,2679,6%,16%,1.30,1121040,1.78%,1293878081,103510
PMB,9.3,12.6,13.7,8.7,8.5,1096,8%,9%,0.61,3594,0.07%,12000000,112
TAW,39.2,12.0,39.2,11,31.6,1242,1%,4%,0,1,0%,5000000,196
TB8,11.5,0,19.2,10,0,0,6%,23%,0,240,0.04%,1250000,14
TBC,24.2,13.6,27,21.2,9.2,2618,19%,19%,0.22,2620,0.01%,63500000,1537
TBD,67.9,15.3,90.3,24.8,16.8,4047,6%,26%,0,62622,0.53%,28258049,1919
TBN,10.7,0,10.7,10.7,0,0,1%,5%,0,0,0%,4417592,47
TBT,1.1,25.9,7.7,0.4,0,0,19%,111%,0,366,0.04%,1656470,2
TBX,9,15.2,10,8.1,19.2,468,1%,3%,0.13,19,0%,1510280,14
TC6,4.7,11.7,5.4,3.9,3,1548,2%,11%,0.66,34911,0.26%,32496105,153
TCD,17,12.6,19.6,13.7,10.4,1629,7%,17%,0.31,43258,0.31%,34434034,585
TCH,23,12.0,25.3,15.4,17.3,1331,10%,11%,0.04,2135472,4.23%,362994014,8349
TCJ,2.8,0,2.8,2.8,0,0,0%,0%,0,0,0%,10000000,28
MCP,29,13.8,31,23,17.9,1623,8%,12%,0.18,2780,0.04%,15052979,437
NBP,15.8,21.7,17,12.3,4.7,3394,11%,16%,0.01,942,0.02%,12865500,203
NBR,9,0,10.2,5.3,0,0,5%,13%,0,30,0%,1806000,16
NBS,40,0,75.1,39.1,0,0,15%,18%,0,0,0%,3153200,126
NBT,6.1,11.1,6.4,6,4.9,1253,7%,11%,0,16,0%,28000000,171
KBC,13.8,19.2,17.2,11.9,11.1,1244,4%,7%,1.09,3662995,6.78%,469760512,6565
LM7,3.3,8.2,3.9,2.5,0.9,3555,10%,43%,0.17,3159,0.13%,5000000,16
LM8,24.5,30.2,28,19.4,9.4,2613,1%,9%,0.15,17478,0.40%,9388682,230
LMC,18,0,20.3,8.3,0,0,2%,4%,0,112,0.02%,1500000,27
PMC,63.6,28.8,91.2,58.7,8.2,7794,22%,27%,0.25,1702,0.04%,9332573,594
PME,83.8,24.7,90.9,77.2,19.1,4391,15%,18%,0.27,19310,0.09%,65227500,5466
PMG,25.5,0,28.1,18.0,0,0,0%,0%,0.77,149676,1.12%,33000000,840
KLB,11.2,11.5,12,8,0,0,0%,0%,0,17314,0.04%,300000000,3360
KLF,2.2,10.3,6.2,2.1,78.6,28,0%,0%,1.63,2141309,5.65%,165352561,364
KMR,4.1,10.5,5.1,3.7,27.6,147,1%,1%,0.40,93323,0.46%,56881443,230
MCT,16.2,17.2,16.2,16.2,19.5,832,1%,5%,0,0,0%,2500000,41
MDA,10,0,10,10,0,0,0%,0%,0,0,0%,1200000,12
MDC,4.8,11.0,5.8,4.2,8.6,559,1%,5%,0.23,1250,0.01%,21418346,103
MDF,10,12.2,11,5.8,24.4,410,1%,3%,0,129,0%,55113595,551
MDG,11.9,15.7,14.4,9.5,4.9,2438,8%,16%,0.37,16185,0.32%,10589781,130
MEC,2.9,17.2,3.7,2.2,21.8,133,0%,1%,0.63,4086,0.10%,8353620,24
MEF,1.2,0,1.2,0.9,0,0,15%,32%,0,1,0%,3755213,5
KBE,17,16.7,18,9.9,6.4,2652,8%,16%,0,0,0%,1231060,21
KCB,2.7,11.3,4.6,1.9,1,2757,9%,12%,0,792,0.02%,8000000,22
KCE,18.3,20.1,30.8,15.1,9.6,1910,18%,25%,0,71,0.01%,1500000,27
KDC,40.2,30.7,46.0,36.3,26.7,1503,4%,6%,0.37,375923,0.83%,255161141,10317
KDF,59.5,13.2,60.8,48.6,29.8,1994,12%,21%,0,24650,0.12%,56000000,3332
KDH,42,18.4,41.3,20.9,27.8,1509,6%,9%,0.06,322685,0.65%,336000000,14112
KDM,2.6,10.6,5.5,2.4,12.7,205,2%,2%,1.18,75766,2.24%,7100000,18
KGM,10,11.2,11.5,10,8.4,1197,3%,11%,0,73,0%,25430000,254
KGU,29.1,0,46.9,15.3,0,0,18%,34%,0,813,0.11%,1489573,43
KHA,32.0,35.0,39.4,27,12.7,2506,6%,7%,0.47,3677,0.06%,12768439,451
HOT,59.8,14.0,64.2,12.1,41.4,1446,8%,10%,0.37,522,0.01%,8000000,478
HPB,9.7,0,16.3,9.5,2.5,3946,7%,10%,0.76,196,0.01%,3657200,38
HPD,16,13.0,20,6.6,6.1,2625,8%,16%,0,539,0.01%,8306590,133
HPG,61.7,19.9,66.7,26.7,12.4,4984,15%,25%,1.04,5835244,9.12%,1516969700,93604
HPH,10,0,10,10,0,0,0%,0%,0,0,0%,8400000,84
HPI,14.2,0,38.2,9.4,9.3,1521,4%,9%,0,51513,0.25%,60000000,852
HPM,15.2,8.3,20.8,14.9,16.6,913,5%,8%,0.24,464,0.03%,3800000,58
HPP,42,0,53.2,40,0,0,17%,33%,0,3138,0.08%,8007177,336
HPT,7.5,15.4,11.6,6.2,0,0,2%,10%,0,422,0.01%,7379228,57
LMI,10.2,0,20,9.6,0,0,4%,10%,0,5550,0.21%,5500000,56
LO5,4.7,14.5,4.7,2.5,82.5,57,0%,0%,0.46,2638,0.11%,5149791,24
LPB,16.9,13.1,18,10.8,8.9,1906,1%,15%,0,3087353,5.37%,717706000,10917
LQN,9.5,0,9.5,9.5,0,0,0%,3%,0,0,0%,1893540,18
LSS,9.3,23.1,14.0,8.5,9.9,935,3%,4%,0.55,157742,0.68%,70000000,648
LTC,3.8,23.7,4.1,2.7,3.8,1007,1%,3%,0.59,2259,0.10%,4586000,17
LTG,43.7,34.6,60.0,37.6,6.8,6429,7%,19%,0,51243,0.23%,67161150,2935
LUT,2.4,12.5,3.6,1.5,9.2,262,1%,2%,1.02,15695,0.23%,14960000,36
LWS,10.4,0,10.4,10.4,0,0,0%,0%,0,0,0%,17162710,178
M10,35,0,43,26,0,0,0%,0%,0,1062,0.01%,18900000,662
MAC,7.8,12.3,8.6,7.2,7,1107,7%,9%,0.01,17624,0.27%,14419289,112
HTL,30,19.4,46.3,28.2,14,2145,5%,11%,0.24,1015,0.02%,12000000,360
PMJ,18.2,24.0,18.2,9.0,46.4,392,3%,6%,0,0,0%,1800000,33
PMP,15.3,15.7,20.3,14.4,5.4,2834,6%,18%,0.20,50,0%,4200000,64
PMS,16.9,22.1,29.1,14.8,5,3369,8%,15%,0.18,8175,0.24%,7227662,122
HKP,5.2,0,24.7,4.7,0,0,4%,8%,0,212,0.01%,4000000,21
HKT,2.3,12.3,5.4,2.2,12.2,189,1%,2%,0.09,14834,0.55%,5856165,13
HLA,0.3,37.5,0.6,0.3,0,7655,83%,20%,0.30,20797,0.15%,34457793,10
KMT,8.8,0,9.5,7.8,7.2,1219,2%,9%,0.03,582,0.01%,9846562,87
KOS,23.8,0,25.2,15.8,0,0,0%,0%,0,46548,0.29%,41500000,988
KPF,28,11.6,42.6,4.8,29.1,963,8%,8%,0.85,44981,0.59%,17160000,480
KSA,0.7,10.7,2.7,0.7,5.1,130,1%,1%,0.58,1137768,4.06%,93427360,62
KSB,39.5,16.4,57.6,38.6,6.7,5925,19%,36%,0.58,296557,1.69%,46800000,1849
KSC,0.5,0,0.7,0.4,0,0,5%,7%,0,1,0%,3739823,2
MEL,8.5,11.9,19.4,8.5,7.4,1154,3%,14%,0.14,1430,0.02%,15000000,128
MES,10,9.6,10,10,26.1,383,4%,4%,0,0,0%,18600000,186
MGC,6.5,11.2,6.5,6.5,7.9,825,2%,7%,0,0,0%,10800000,70
MGG,67,0,78.5,22,0,0,6%,22%,0,178,0.01%,6181160,414
MH3,23.1,17.7,25.7,14.2,9,2579,4%,15%,0,1807,0.03%,12000000,277
MHC,6.3,15.0,7.4,5.6,16.5,382,2%,3%,0.81,141355,1.07%,32735090,206
KHB,0.7,10.2,2.6,0.6,36.8,19,0%,0%,0.44,48315,0.40%,29075499,20
KHD,13.6,0,36.8,7.5,3.2,4251,10%,21%,0,1,0%,1717410,23
KHL,0.4,3.9,1,0.3,0.4,1114,12%,29%,0.45,14644,0.27%,12000000,5
KHP,9.8,15.0,10.2,8.3,9.2,1064,2%,7%,0.21,15713,0.10%,40051296,407
KHS,12.6,0,16.9,11.6,0,0,0%,0%,0.10,16098,0.32%,10700000,135
HPU,15,0,15,15,0,0,0%,0%,0,0,0%,2000000,30
HPW,12.6,12.4,15.2,6.9,11.3,1112,7%,9%,0,809,0%,74206940,935
HQC,2.3,8.9,3.6,2.2,15.1,149,1%,2%,0.58,5268812,9.75%,476600000,1072
HRB,20.5,0,35,13.6,0,0,13%,16%,0,18,0%,6338400,130
HRC,25.5,17.7,39,22.9,89.9,283,1%,2%,0.25,28184,0.23%,30206616,769
HTP,4.5,11.4,15.4,4.4,7.6,594,5%,5%,0.14,64,0.01%,1759180,8
HTR,10,10.6,12,9.3,24.2,414,2%,12%,0,249,0.03%,1500700,15
HTT,2.8,11.3,17.3,2.8,10.7,260,2%,3%,0.66,381286,4.36%,20000000,56
HTU,10.1,11.0,10.1,10.1,45.3,223,2%,2%,0,0,0%,16438382,166
HTV,16.0,24.5,18.4,13.5,10,1602,6%,7%,0.53,770,0.01%,13104000,209
HTW,10,9.6,10,10,2500,4,0%,0%,0,0,0%,20400893,204
PMT,5,15.5,7.5,3.1,8.9,562,2%,4%,0,1146,0.05%,5000000,25
PNC,17,2.7,38,9.0,3.7,4594,13%,232%,1.64,9722,0.19%,10799351,188
PND,8.6,11.2,14.3,5.2,16.1,535,3%,7%,0,6381,0.20%,6666666,57
PNG,13.8,0,16.5,12.5,0,0,5%,10%,0,10623,0.25%,9000000,124
PNJ,186.3,27.3,206,73,27.8,6712,16%,25%,0.67,335137,1.10%,108101325,20139
PNT,7.9,0,11.0,5.6,0,0,2%,4%,0,1545,0.04%,9282802,73
POB,10.1,0,10.2,5.2,0,0,1%,1%,0,28,0%,10900000,110
HLB,70,0,70,17.9,0,0,16%,24%,0,2,0%,3000000,210
HLC,7.2,12.6,28,6.2,3.4,2143,1%,17%,0.25,519,0%,25415199,183
HLD,19.3,12.4,21.6,10.0,13.4,1445,7%,12%,0.07,64140,0.73%,40000000,386
HLE,10.1,0,10.1,10.1,0,0,0%,0%,0,0,0%,2200000,22
HLG,9.8,14.3,12,8.1,3.4,2847,7%,20%,0.31,8346,0.05%,44225385,433
HLR,5.4,11.5,10,5.4,15.7,345,4%,11%,0,69,0.01%,1650000,9
HLS,23.5,0,23.5,16.8,0,0,20%,25%,0,0,0%,5439999,128
KSD,4.2,8.5,5.1,2.9,5.9,713,7%,8%,0.21,33879,0.61%,12000000,50
KSE,15.2,0,15.2,11.5,0,0,4%,14%,0,24,0%,1476000,22
KSH,2.0,11.4,3.5,1.7,47.4,43,0%,0%,0.40,145454,0.71%,57509675,117
KSK,1,9.9,2.2,1,8.8,113,1%,1%,1.23,205776,2.02%,23888000,24
KSQ,1.6,10.4,3.9,1.5,14.8,108,1%,1%,1.31,50212,0.41%,30000000,48
KST,19.8,20.4,21.1,10.9,7.5,2629,4%,13%,0.58,481,0.03%,2996010,59
KSV,10,13.3,12.5,4.0,9.6,1044,4%,10%,0,83,0%,200000000,2000
KTB,1.9,10.3,1.9,1.9,633.3,3,0%,0%,1.32,0,0%,40200000,76
KTL,21.2,19.4,25,13,5.5,3874,6%,18%,0,4072,0.05%,19200000,407
KTS,24.6,28.6,55,19,3.5,7087,9%,25%,0.65,745,0.03%,5070000,125
KTT,5.4,10.6,7.1,4.3,18.6,290,2%,3%,0.40,739,0.05%,2955000,16
L18,9.1,50.1,9.9,5.8,9.2,984,1%,4%,0.31,1556,0.04%,8099979,74
L35,5.5,14.4,6,4.2,13.9,396,1%,3%,0.36,760,0.05%,3265155,18
GSM,10.9,11.8,13,8.9,6.5,1669,8%,14%,0,23761,0.20%,28562000,311
GSP,15.4,12.9,15.0,11.1,8.9,1730,10%,13%,0.04,11821,0.10%,30000000,462
GTA,15.5,16.8,18.9,11.2,9.4,1647,4%,10%,0.16,3181,0.07%,9830000,161
GTC,3.5,0,3.5,3.5,0,0,17%,108%,0,0,0%,1032243,4
GTD,10,0,30,8.5,0,0,0%,0%,0,6,0%,9300000,93
GTH,4,0,9.5,3.9,0,0,0%,3%,0,42,0%,2735500,11
GTN,11.1,15.0,18.8,10.1,198.2,56,3%,4%,0.31,777631,1.73%,250000000,2775
GTS,6.3,11.3,13.3,6.2,5.2,1223,4%,11%,0,519,0%,28499764,180
GTT,0.3,14.5,0.7,0.3,0.1,3662,19%,25%,0.15,27970,0.17%,43503000,13
GVR,10.9,0,12.9,10.3,0,0,0%,0%,0,252673,0.36%,0,0
KHW,12.4,11.7,12.4,12.4,10.7,1157,5%,10%,0,0,0%,26000000,322
KIP,32.5,21.2,28.8,14.9,14.9,2187,10%,13%,0,42,0%,5680000,185
HRG,6.6,0,6.6,6.6,0,0,1%,2%,0,0,0%,2650000,17
HRT,4.4,8.8,7.9,3.4,3.6,1206,6%,14%,0,800,0%,80058970,352
HSA,54.9,17.2,54.9,18.4,5.6,9798,11%,57%,0,383,0.05%,1680000,92
HSG,21,15.7,32.6,20.6,6,3500,5%,22%,0.92,3300624,6.61%,349996683,7350
HSI,2,0,2.4,0.9,0,0,1%,33%,0.09,531,0.01%,9885590,20
HAV,8.8,0,9.2,1.4,0,0,0%,0%,0,855,0.05%,3297860,29
HAX,20.5,16.7,33.6,20.5,8.5,2404,6%,22%,0.51,142195,1.42%,35013650,479
HU1,10.3,0,10.5,5.4,18.6,551,0%,3%,0.29,8180,0.18%,10000000,102
HU3,13.5,19.5,14.3,7.3,7.4,1826,3%,10%,0.32,11327,0.24%,9999944,135
HU4,9,16.6,9.4,3.8,14.9,604,1%,4%,0,3573,0.05%,15000000,135
HU6,9,0,9.7,3.0,0,0,6%,9%,0,822,0.02%,7500000,68
HUG,10.9,0,33.1,10.9,0,0,0%,0%,0,10,0%,13550000,148
HUT,9.1,12.9,13.2,8.6,7.5,1214,3%,9%,1.03,1905494,4.24%,251058913,2285
HVA,3,11.6,8.6,2.3,3.3,913,7%,8%,1.81,168097,6.19%,5650000,17
HVG,4.6,9.9,9.3,4.4,1.5,3140,6%,33%,1.86,966012,2.23%,222038291,1044
HVN,47.8,14.2,67.3,24.0,23.7,2017,3%,15%,0,1433379,2.28%,1227533778,58676
HVT,48.5,16.6,52,27.2,7.5,6469,15%,39%,0.19,6249,0.12%,10988059,533
HVX,4.1,10.8,5.4,3.5,124.2,33,0%,0%,0,1046,0.01%,41525250,158
I10,0.8,3.2,0.8,0.8,200,4,23%,126%,0,0,0%,3500000,3
IBC,29,10.7,30,22.7,226.6,128,3%,3%,0.02,237300,1.03%,68880000,1998
ICC,47,0,65.2,18.7,0,0,10%,66%,0,157,0.01%,3800000,179
ICF,1.8,9.9,2.8,1.6,1,1673,7%,17%,0.63,3855,0.07%,12807000,22
ICG,6.1,14.0,7.3,6,321.1,19,0%,0%,0.01,10788,0.12%,20000000,122
POM,17.4,18.1,20.7,14.3,4.7,3737,9%,21%,0.21,55589,0.14%,186317161,3262
POS,12,19.2,13.8,9.9,15.2,791,2%,4%,0,2861,0.02%,40000000,480
HLY,15.6,21.5,16.6,9.9,16,973,2%,5%,1.06,165,0.03%,999905,16
HMC,16,18.7,16.3,9.3,4.2,3834,8%,21%,0.09,20139,0.22%,21000000,336
HMG,7.2,10.2,8.6,6.3,0,0,7%,13%,0,80,0%,9000000,65
HMH,10.4,20.5,11.3,10.1,6.2,1677,8%,8%,0.16,20078,0.33%,13168131,137
HMS,34.4,0,44.1,25.7,0,0,5%,24%,0,48490,1.28%,8000000,275
KTU,13.8,0,13.8,13.8,0,0,0%,0%,0,0,0%,1210330,17
KVC,2.6,11.0,4.2,2.3,5.5,471,2%,4%,1.11,323822,1.77%,49500000,129
L10,17.9,24.3,18.7,13.3,6.1,2925,3%,12%,0.27,4104,0.09%,9790000,177
L12,6.2,13.5,9.2,5,9.7,636,2%,7%,0,33,0%,7000000,43
L14,62.5,19.5,66.3,22.7,14.8,4229,21%,43%,0.44,41981,1.19%,14899380,466
L43,3.6,21.9,6.1,3.2,29.3,123,0%,1%,0.31,147,0.01%,3500000,13
L44,2.6,6.4,2.6,1.6,1.5,1753,2%,28%,1.28,3389,0.17%,3980000,10
L45,3.5,10.9,6.3,2,205.9,17,0%,0%,0,441,0.02%,4800000,17
L61,16.2,20.3,17.7,7.1,13.7,1183,1%,6%,0.76,15047,0.42%,7576200,123
L62,7.4,19.0,8,5.2,74,100,0%,1%,0.02,71,0%,8298243,61
L63,9.2,0,8,3.9,0,0,0%,3%,0,1598,0.04%,9991823,71
GVT,12.8,12.1,12.8,9,8.8,1457,2%,12%,0,1060,0.03%,7345000,94
H11,4.5,0,12.7,4.4,0,0,1%,3%,0,51,0.01%,1060000,5
HAB,12.2,0,12.7,11,0,0,0%,0%,0,456,0.05%,2000000,24
HAC,3.7,0,4.6,3.4,0,0,0%,0%,0,16892,0.14%,29181096,108
HAD,50,39.0,54.5,34.3,14.4,3482,8%,9%,0.54,1065,0.05%,4000000,200
HAF,33,0,33,6.5,0,0,7%,12%,0,97,0%,14500000,478
KKC,11.9,15.9,13.9,11.4,4,2953,13%,19%,0.11,11374,0.45%,5200000,62
HST,6.8,11.4,7.8,5,9,752,3%,7%,0.28,776,0.10%,1488440,10
HT1,14.3,13.6,22.3,12.9,11.5,1239,4%,9%,0.83,446694,0.87%,381541911,5457
HTC,30,21.1,31.9,25.2,8.9,3354,8%,16%,0.32,912,0.02%,11000000,330
HTE,6.3,10.0,12.5,5.4,7.2,879,4%,9%,0,2000,0.02%,23608165,149
HBC,48,19.0,63.8,36.2,7.2,6621,6%,35%,0.21,1803720,5.36%,129850757,6233
HBD,11,0,16.4,9.2,10.9,1009,12%,13%,0.21,127,0.02%,1904400,17
HBE,9,11.3,9.2,6.5,12,747,6%,7%,0.05,341,0.03%,2231058,20
HBH,2.7,6.9,12.1,2.4,25.2,107,0%,2%,0,39,0%,16000000,43
HBI,26,10.2,26,26,1000,26,0%,0%,0,0,0%,51000000,1326
HBS,2.4,11.3,3.8,2.4,32.9,73,1%,1%,0.56,7534,0.06%,32999980,79
HC3,27.8,34.6,32.9,20.7,2.8,10060,35%,45%,0,6928,0.10%,15543029,432
ICI,9,16.3,9,4.6,0,0,0%,0%,0,1,0%,4000000,36
ICN,33,13.9,47,21.3,175.5,188,1%,16%,0,667,0.03%,5000000,165
HEJ,15,0,15,8.6,0,0,4%,10%,0,1057,0.05%,4400000,66
HEM,16.5,15.5,17.2,11,7.5,2187,10%,14%,0,646,0%,36800000,607
HEP,10,0,10,10,0,0,0%,0%,0,405,0.01%,6000000,60
EMS,49.1,0,60,31,0,0,0%,0%,0,976,0.02%,9159125,450
EPH,9,0,11.6,9,0,0,0%,0%,0,72,0.01%,2500000,22
EVE,17.2,22.1,21.6,15.5,13.9,1239,4%,6%,0.25,255202,1.58%,41500473,722
EVG,5.3,11.7,19.3,4.8,6,881,7%,8%,0.87,335138,2.71%,30000000,158
HNA,11,9.9,23,8.8,282.1,39,0%,0%,0,1063,0%,225659210,2482
HNB,14.6,10.7,35.2,14.5,15.2,960,8%,9%,0,138,0%,9500000,139
HND,11.3,10.4,13.6,6.9,14.1,800,3%,8%,0,7183,0.01%,500000000,5650
HNF,42.4,15.1,56.5,26,17,2501,6%,17%,0,17506,0.20%,20000000,848
HNG,8.3,13.7,12.4,6.2,5.9,1407,3%,9%,0.96,3022547,5.11%,767143895,6344
HNI,36,0,39.9,29,0,0,0%,0%,0,516,0.01%,11890000,428
HNM,3.3,10.4,6.2,3.5,173.7,19,0%,0%,0.15,12305,0.14%,20000000,66
HNP,27,0,31.7,19.9,0,0,13%,19%,0,414,0.02%,5000000,135
HNT,4.1,10.4,4.1,4.1,15.4,266,1%,3%,0,0,0%,5500000,23
HOM,4,13.3,5.6,3.8,160,25,0%,0%,0.15,8308,0.03%,69228600,288
LAF,9.8,12.2,13.9,8.9,35.1,279,1%,2%,0.18,2679,0.04%,14728019,144
LAI,8.1,14.8,16.5,8.1,0.5,16584,4%,12%,0,350,0.01%,8550000,69
HAG,5.3,19.7,9.8,5.4,6.8,779,2%,6%,0.92,7155552,11.78%,927467947,4897
HAH,16,24.2,25.6,16,3.7,4267,12%,18%,0.42,102572,0.74%,34507818,552
HTG,21.3,0,21.4,14.7,6,3550,4%,18%,0,6939,0.07%,22500000,479
HTI,16.0,17.6,21.9,15.6,5.1,3132,5%,18%,0.07,30139,0.28%,24949200,398
HCC,18.2,14.2,28.4,14.7,5.7,3221,13%,23%,0.26,8102,0.26%,6518586,119
HCD,8.3,12.8,10.3,7.5,8.4,979,7%,13%,0.30,238018,3.87%,26325000,112
HCI,4.5,0,10.9,4.5,0,0,2%,6%,0,2,0%,5232000,24
HCM,84.8,20.2,92,29.0,24.8,3425,9%,17%,1.07,453054,1.35%,129521213,11003
HCS,7,0,8.8,6.1,0,0,4%,15%,0,81,0.01%,2250000,16
HCT,20.2,20.6,20.2,13.1,21.8,928,4%,4%,0.47,134,0.01%,2016385,41
HD2,13.5,0,15.4,10.1,0,0,12%,21%,0,49326,1.17%,8962353,121
DPM,21.4,20.7,26.1,19.2,12,1785,7%,9%,0.93,1048756,2.04%,388954320,8376
DPP,15,0,18.4,7.8,0,0,5%,12%,0,56,0.01%,1985447,30
DPR,39.3,61.4,44.5,36.8,7.5,5262,7%,9%,0.60,39338,0.24%,43000000,1688
DPS,1.7,10.9,3.7,1.6,9.7,175,1%,2%,0.88,294259,2.31%,31085257,53
HES,13.9,12.2,13.9,6,79.4,175,4%,4%,0,2,0%,9297450,129
HEV,11.5,15.8,12.9,10.3,6.6,1739,9%,11%,0.32,727,0.15%,1000000,12
HFB,10,0,12.7,4.9,0,0,2%,5%,0,35,0%,9100000,91
HFC,15.1,0,24.3,10,0,0,3%,19%,0,72,0%,6089999,92
HFS,29.7,0,29.7,29.7,0,0,0%,0%,0,0,0%,10000000,297
HFT,23.4,0,27.5,12.8,0,0,0%,0%,0,235,0.01%,10000000,234
DLD,8,8.3,8,6.9,0,0,2%,6%,0,1,0%,9307415,74
DLG,3.0,11.8,4.8,3.0,12.1,243,1%,2%,0.91,1834643,3.91%,285057815,841
DLR,10.2,4.0,15,7.3,3.9,2598,8%,60%,0.05,19393,0.89%,4500000,46
DLT,11.6,0,13.6,7.4,2.5,4587,2%,22%,0,1,0%,2500056,29
DMC,97,27.4,135.3,84.9,16.2,5980,16%,22%,0.84,2768,0.02%,34727465,3369
DNA,19,34.2,21.8,15.7,18.7,1016,5%,6%,0,8441,0.05%,48660000,925
DNC,35,12.6,44.4,16.8,10.5,3347,13%,27%,0.73,160,0.01%,3161892,111
FBA,0.9,0,0.9,0.7,2.2,401,3%,5%,0,0,0%,163915200,3
FBC,21,0,21,15,0,0,5%,25%,0,1,0%,3700000,78
FCC,11,0,11,11,0,0,17%,23%,0,0,0%,5997040,66
LAS,13.1,11.6,16.1,11.4,8.9,1474,6%,13%,0.06,123936,0.40%,112856400,1478
LAW,13.4,12.2,14,11,8.4,1602,7%,13%,0,2,0%,12200000,163
LBC,10.5,0,18.2,10,0,0,7%,15%,0,34,0.01%,1090000,11
LBE,15,18.7,18.9,14.3,7.4,2021,10%,11%,0.01,24,0%,1095900,16
LBM,33,28.3,41.8,29.7,6.2,5285,14%,21%,0.30,4445,0.11%,8157500,280
LCC,3.1,0,3.1,1.8,0,0,20%,21%,0,0,0%,5838999,18
LCD,6.9,18.3,7.0,6.3,4.1,1694,3%,9%,0.03,583,0.08%,1500000,10
LCG,9.8,14.0,12,7.8,8,1219,4%,10%,0.23,339753,1.17%,100000000,980
LCM,0.8,9.1,1.5,0.8,10.4,78,1%,1%,0.24,71219,0.68%,24633000,20
LCS,4.6,10.8,6,2.1,2,2302,5%,22%,0.55,5555,0.15%,7600000,35
LCW,10,10.2,10,10.0,714.3,14,0%,0%,0,0,0%,21586514,216
LDG,24.5,12.5,26.1,9.8,13.8,1769,8%,14%,0.87,1325889,3.55%,159957806,3919
LDP,27,13.9,38.5,26.2,13,2071,6%,15%,1.54,1880,0.05%,7829958,211
HAI,3.8,17.4,22.5,3.5,15.9,239,2%,2%,0.50,2987559,7.54%,182682799,692
HAM,18,0,19.5,13.8,0,0,5%,19%,0,988,0.03%,6225399,112
HAN,11.8,11.6,12,9.0,12.6,934,1%,7%,0,150,0%,141048000,1664
HAP,3.8,12.0,5.4,3.2,15.6,242,2%,2%,0.32,25959,0.13%,55471151,210
HAR,7.6,10.7,15.7,3.2,27.8,273,3%,3%,1.03,1946538,6.63%,101130100,769
HAS,9.7,18.7,10.4,6.3,4,2399,7%,13%,0.53,14639,0.39%,7800000,78
HAT,36.5,21.5,47.5,32,4.2,8706,18%,40%,0.16,2946,0.19%,3123000,114
HDA,9.5,13.1,10.7,7.2,6,1590,8%,12%,0.42,47434,0.89%,11500000,109
HDB,49.1,0,50.6,39.7,0,0,0%,0%,1.09,4346893,7.10%,980999979,48167
HDC,18,15.9,18.5,9.8,10.1,1781,5%,11%,0.28,305585,1.79%,45078437,811
HDG,52.5,27.5,53.5,27.9,20.2,2605,3%,14%,0.26,144810,0.59%,75968080,3988
HDM,25,41.2,31.4,23,6,4139,6%,21%,0,456,0.01%,10000000,250
HDO,0.7,4.1,1.4,0.6,0.5,1348,10%,31%,0.49,6621,0.10%,14819879,10
HDP,13.9,13.7,16.6,11.3,37,376,3%,10%,0,1007,0.03%,6758191,85
HDW,7.5,10.9,14,6.6,22.5,333,2%,7%,0,60,0%,31882470,239
HEC,21.4,0,26.6,12.4,0,0,6%,10%,0,398,0.02%,4200000,90
DQC,34.7,35.4,48.0,29.7,10,3455,7%,10%,0.17,57387,0.42%,31919216,1192
DRC,27.5,12.6,32.8,19.4,20.2,1361,6%,11%,0.80,635413,1.98%,118792605,3267
DRH,17.3,14.2,32.9,15.8,11.8,1462,7%,10%,0.18,471815,2.60%,48714150,848
DRI,9.9,12.3,14.3,7.7,5.1,1934,10%,16%,0,195075,0.81%,73200000,725
DRL,54.5,14.8,57,34.4,8.1,6718,42%,45%,0.18,1316,0.03%,9500000,518
DS3,23.1,11.0,23.8,14.9,28.6,808,7%,9%,0.09,233108,4.70%,10669730,246
HFX,1.4,0,1.4,1.4,0,0,38%,7%,0,0,0%,1270000,2
HGM,41.9,16.8,42.9,31.5,19.7,2124,10%,13%,0.08,497,0.01%,12600000,528
HGW,15.3,17.2,15.3,15.3,30.1,508,2%,3%,0,0,0%,17478835,267
IDC,22.5,0,29.4,22.2,0,0,0%,0%,0,83490,0.42%,55305500,1244
IDI,14.1,12.3,16.2,3.9,7.3,1922,6%,16%,0.99,4027736,10.20%,181609671,2561
DND,19.1,12.0,22,8.6,203.2,94,3%,5%,0,5483,0.13%,8834000,169
DNE,7.1,11.6,10.4,5.4,11.4,621,5%,13%,0,63,0%,5773600,41
DNH,19,13.2,41.9,17.6,12.3,1545,9%,12%,0,527,0%,422400000,8026
DNL,12,14.0,16,11.7,3000,4,11%,12%,0,759,0.04%,4310000,52
DNM,18.5,18.5,26,18.5,7.4,2501,8%,13%,0,319,0.02%,4377605,81
DNN,5.8,12.0,8.9,5.4,3.8,1520,10%,15%,0,0,0%,57964061,336
DNP,21,19.2,27,15.9,12.3,1702,2%,8%,0.22,55307,0.30%,50009272,1050
DCM,12.6,11.6,15,9.9,10.4,1207,5%,10%,0.55,1390049,2.51%,529400000,6644
DCS,1.5,10.6,2.8,1.5,71.4,21,0%,0%,0.54,283342,1.34%,60310988,90
DCT,0.8,6.2,1.9,0.7,0.1,5732,22%,93%,0.71,2596,0.02%,27223647,22
DDH,6,9.6,10.5,6,46.9,128,1%,1%,0,22,0%,3600000,22
DDM,0.8,51.7,1.9,0.7,0.1,9337,12%,14%,0.65,828,0.01%,12244495,10
DDN,13,20.5,18.2,12.5,16.4,794,2%,17%,0,1011,0.02%,8793896,114
DDV,6.6,6.9,8.8,5.4,63.5,104,1%,1%,0,49211,0.14%,146109900,964
FCM,5.8,13.9,8.8,4.6,6.8,850,3%,5%,0.44,167463,1.06%,41000000,238
FCN,20.2,25.7,24.3,15.3,10.4,1943,5%,13%,0.90,731669,3.74%,87345136,1095
FCS,10,5.4,12.2,8.6,4.6,2161,7%,40%,0,204,0%,29450000,294
FDC,25.1,15.0,30,17.5,60.3,416,2%,3%,0.24,3541,0.02%,38629988,970
FDG,1.2,6.0,1.5,1.1,1.2,1010,10%,17%,0.54,364,0.01%,13200000,16
FDT,43,13.5,45.6,28.4,15.1,2843,6%,21%,0.07,17,0%,3054500,131
FHN,40.5,0,40.5,40.5,0,0,0%,0%,0,1,0%,3000000,122
FID,2.6,10.2,2.8,1.4,37.7,69,1%,1%,0.20,22227,0.23%,23539998,57
FIT,6.3,15.7,13.3,4.1,15.1,416,2%,3%,0.55,1979213,4.39%,254730247,1605
LDW,11.1,0,11.1,11.1,0,0,0%,0%,0,0,0%,13816193,153
LEC,18.5,13.3,33.5,13.2,31.5,588,2%,6%,0.13,1866,0.02%,26100000,483
DSC,70.6,0,83,13.6,0,0,0%,0%,0,14879,0.52%,6000000,424
DSG,10,0,10,10,0,0,9%,49%,0,1,0%,8000000,80
DSN,58.5,19.2,59.7,48.4,7.9,7370,37%,38%,0.05,10178,0.18%,12083009,707
DSS,10,0,11,10,0,0,2%,9%,0,0,0%,2045000,20
DST,3.3,10.1,42.5,2.7,94.3,35,0%,0%,0.43,1285497,9.80%,32300000,107
DSV,5,0,9.3,5,0,0,1%,10%,0,391,0.06%,1229579,6
FTM,15.3,11.6,15.7,11.4,20.2,754,2%,7%,0.10,757877,4.12%,50000000,762
FTS,16.6,0,17,11.1,8300,2,0%,0%,0.94,91706,0.32%,99376952,1650
D11,15.8,13.6,16.3,10.0,55.1,287,1%,2%,0.64,1238,0.04%,6551965,104
D26,8.3,0,8.3,8.3,0,0,6%,19%,0,0,0%,1000000,8
HHA,96,21.4,120,43.4,11.8,8108,6%,20%,0,87,0%,5896100,566
HHC,99,21.4,99.9,39.6,48.2,2052,7%,10%,0.10,2032,0.03%,16425000,1626
HHG,5.9,12.3,9.3,5.5,4.5,1323,7%,11%,0.62,227795,1.91%,28840125,170
HHN,11.4,0,11.4,11.4,0,0,1%,1%,0,0,0%,1440000,16
HHR,9.8,10.7,9.8,9.8,20,491,2%,12%,0,0,0%,1380000,14
HHS,3.7,11.7,5.7,3.7,11.1,335,3%,3%,0.46,1981583,4.28%,274744063,1022
IDJ,2.8,8.3,3.7,2,24.3,115,1%,1%,0.95,20156,0.15%,32600000,91
IDN,17,0,17,17,0,0,0%,0%,0,0,0%,1100000,19
IDV,32.4,12.6,43.2,28.8,9.2,3527,8%,28%,0.13,18126,0.25%,16172549,524
IFC,12.3,9.3,20.5,8.6,559.1,22,0%,0%,0,954,0.06%,3000000,37
IFS,9,3.7,13.8,6.5,6.8,1332,17%,36%,0.24,575,0%,87140984,784
IHK,15.7,12.6,20.7,10.1,9.7,1625,5%,13%,0,64,0.01%,2141928,34
CSV,39.2,18.2,44.4,27.0,7.2,5448,23%,30%,0.05,78639,0.47%,44200000,1733
CT3,7.1,0,9.6,5.7,0,0,3%,9%,0,98,0%,8000000,57
CT6,5.7,8.7,6.5,4.3,2.7,2140,7%,24%,0.18,26,0%,6108078,35
CTA,0.5,4.7,1.8,0.5,0.6,843,10%,18%,0.72,878,0.02%,9542381,4
CTB,34.6,16.4,35,20.9,17.5,1982,3%,12%,0.33,910,0.02%,8600000,298
CTC,3.9,10.5,5.5,3.1,43.3,90,0%,1%,0.42,1019,0.02%,8799926,34
CTD,158,94.9,239,147,7.4,21468,10%,23%,0.28,235507,0.94%,78288344,12380
CTF,21.8,12.7,37.8,13.9,18.2,1197,3%,9%,0.28,17805,0.22%,18000000,392
CTG,35.7,17.0,37.7,16.4,17.9,1996,1%,12%,1.76,6921185,10.27%,3723404556,132926
CTI,35.9,22.4,39,26.8,15.1,2380,4%,11%,0.40,528310,2.43%,62999997,2262
DNR,9.3,0,9.3,9.3,0,0,2%,10%,0,0,0%,1577500,15
DNS,12,11.4,12,7.6,10,1204,4%,11%,0,1633,0.02%,21600000,259
DNW,12,12.9,18.4,12,37.3,322,1%,3%,0,415,0%,100000000,1200
DNY,6.6,14.4,10.1,6.2,2.5,2610,3%,18%,0.20,8518,0.08%,26999517,178
DOC,11,0,11,9.1,0,0,4%,5%,0,513,0.01%,10000000,110
DOP,13.6,0,13.6,13.6,0,0,12%,13%,0,0,0%,4370510,59
DP2,11.3,10.1,37.4,9.5,213.2,53,0%,0%,0,834,0.01%,20000000,226
DP3,66,21.4,75.7,29.1,11.7,5634,18%,26%,0.78,5378,0.17%,6800000,449
DPC,15.7,18.1,20.2,12,8.7,1801,9%,10%,0.47,904,0.08%,2237280,35
DPG,57,0,69.3,19.4,0,0,6%,24%,0,91058,0.74%,29999962,1710
DPH,23.8,0,28.6,12.4,0,0,7%,12%,0,52,0%,3000000,71
DFC,38,24.0,50.5,9,24.3,1565,7%,28%,0,178,0.01%,6000000,228
FLC,5.8,13.5,8.2,5.3,9,641,2%,5%,0.57,12518847,21.58%,682697361,3939
FMC,30.6,14.7,32.5,13.5,10.6,2881,7%,20%,0.28,399947,2.62%,39000000,1193
FOX,90,21.9,85,66.2,15.6,5785,12%,30%,0,7773,0.02%,150783259,13570
FPT,63.6,24.9,64.4,38.1,11.5,5513,14%,27%,0.79,2342609,4.23%,530935850,33769
FRM,10.2,0,10.2,10.2,0,0,0%,0%,0,0,0%,11700000,119
FSC,11.2,11.9,14,8,20.6,544,4%,5%,0,0,0%,30000000,336
FSO,11.8,11.4,11.8,11.8,13.8,854,5%,7%,0,0,0%,5624966,66
FT1,54,0,71,21.7,0,0,15%,35%,0,69,0%,7079853,382
FTI,10.5,8.7,10.9,5.7,6.4,1646,13%,19%,0,386,0.02%,3943710,41
DT4,9.3,11.0,9.3,8.7,0,0,2%,7%,0,0,0%,1160000,11
DTA,8,10.4,11.4,2.2,32.7,245,1%,2%,0.93,12710,0.19%,15000000,120
DTC,13.8,15.2,18.2,8.9,5.4,2541,9%,42%,0.37,1265,0.03%,10000000,138
DTD,13.9,0,16.3,11.8,0,0,0%,0%,0.60,74734,0.85%,20000000,278
DTG,17.1,0,28.7,13.5,0,0,4%,13%,0,162,0.01%,3398250,58
DTI,13.9,0,14.5,12.2,0,0,0%,0%,0,1298,0.03%,11100000,154
FUCTVGF1,13.5,0,14.0,8.8,18.3,739,0%,0%,0.50,107,0%,15000000,202
FUCVREIT,10.5,0,25.8,8.3,0,0,0%,0%,1.64,3349,0.14%,5000000,52
FUESSV50,15.5,0,15.9,10.7,0,0,0%,0%,0.69,91228,1.99%,9800000,152
G20,1.5,3.9,3.4,1.3,0.9,1636,13%,41%,0.44,5832,0.09%,28800000,22
G36,6,10.8,13.5,5.3,9.6,627,1%,6%,0,16300,0.06%,93600000,562
GAS,130.5,22.6,136.1,51.3,26.1,5004,16%,23%,1.11,822421,1.26%,1913950000,249770
GCB,7.8,0,7.8,4.3,0,0,6%,12%,0,99,0.01%,4039147,32
D2D,78.5,39.8,81.8,34.7,11.2,7032,6%,18%,0.62,27415,0.55%,10654984,840
DAC,13,0,30.7,6.6,0,0,14%,34%,0.07,10,0%,1004974,13
DAD,17.5,15.7,20.0,14.5,9.2,1892,10%,12%,0.20,602,0.02%,4988000,88
DAE,17.6,20.0,17.6,14.4,5.6,3122,13%,16%,0.17,619,0.08%,1498680,26
DAG,8.2,13.3,13.3,7.5,6,1353,5%,11%,1,279632,1.67%,43978691,358
DAH,5,10.9,6.4,4,6.5,765,4%,7%,0.03,268077,1.95%,34200000,171
DAP,17,0,43.7,17,0,0,9%,19%,0,79,0.01%,1680000,29
HHV,11,16.8,11.1,9.5,14.8,744,1%,7%,0,25,0%,7937500,87
HID,3.0,11.8,5.6,2.6,3.3,903,6%,8%,0.24,188243,1.46%,32554820,94
HIG,6.8,15.1,6.9,4.1,86.1,79,0%,1%,0,12843,0.13%,21918232,153
IJC,9.6,12.1,13,7.6,7,1367,2%,11%,0.82,520666,1.50%,137097323,1320
IKH,10.6,0,12,10.6,0,0,0%,0%,0,1271,0.16%,1571000,17
ILA,10.7,0,18.1,9,0,0,0%,0%,0,13700,0.29%,10000000,107
ILS,16.9,0,19.7,11.4,0,0,0%,0%,0,70347,0.10%,0,0
IME,6.1,16.1,17.7,6.1,0,0,6%,23%,0,347,0.02%,3599948,22
CTN,0.8,5.1,0.9,0.5,0.8,1063,2%,27%,1,11,0%,4870845,6
CTP,8.8,13.9,29.2,8.1,4.7,1881,11%,14%,0.72,31117,0.67%,11000000,88
CTR,23.9,0,28,21.6,10.5,2269,6%,16%,0,18556,0.11%,47123341,1126
CTS,14.7,11.6,15.5,7.2,13.3,1102,6%,9%,0.91,590833,2.06%,97652936,1435
CTT,7.1,13.2,14.6,5.5,4.9,1443,1%,11%,1.31,260,0.01%,4697351,33
CTW,6,13.7,6.3,5.5,5.4,1121,5%,11%,0,32,0%,28000000,168
CTX,26.8,30.8,30.5,16.6,2.7,10013,10%,32%,0.21,5503,0.05%,26353800,706
DTT,10.4,14.7,13.3,8.4,19.9,523,3%,4%,0.44,601,0.02%,8151820,85
DTV,16.5,0,22.1,6,0,0,12%,16%,0,41,0%,5280000,87
DVC,10,18.6,11,5.6,36.5,274,8%,13%,0,677,0.02%,6046637,60
DGC,31.2,15.4,35.1,28.7,6.1,5154,15%,17%,0.24,55317,0.30%,50008875,1560
DGL,31,43.1,36.4,29.2,6.3,4924,7%,11%,1.18,11206,0.06%,46399888,1438
DGT,10,0,21.8,5.7,0,0,0%,1%,0,2271,0.19%,2481000,25
DGW,27.5,17.3,27.4,13.6,14.2,1943,5%,11%,0.36,395012,2.50%,40751747,1121
DHA,28.5,23.8,36.7,27.2,7.3,3898,15%,16%,0.40,49831,0.73%,15061213,431
DHB,1.6,1.6,9.7,1.3,1.5,1061,3%,66%,0,201,0%,272200000,436
DHC,44,20.6,49.5,27.1,18.9,2329,6%,11%,0.46,77590,0.56%,34459769,1516
DHD,36,34.1,45,17,33.1,1088,10%,20%,0,2241,0.08%,6000000,216
DHG,112.3,21.1,126.2,84.7,22.9,4914,16%,23%,0.79,305686,0.90%,130735941,14683
DHM,3.1,11.7,10.3,2.8,14.5,211,1%,2%,0.96,109693,1.03%,25143123,77
DHP,11.5,16.0,12,8.6,9,1274,6%,8%,0.24,5210,0.12%,9492200,109
DHT,65.9,20.2,84.5,41.8,11.9,5536,12%,30%,0.03,33660,0.58%,12563691,828
DIC,5.4,11.2,7.1,5.5,9.1,588,1%,5%,0.06,37985,0.34%,26585840,143
DTK,14,10.5,14,14,16.2,862,2%,8%,0,1,0%,680000000,9520
DTL,53.5,19.8,55.4,17.1,15.7,3405,8%,17%,0.59,1566,0.01%,58207764,3287
DTN,3,0,7.5,3,0,0,3%,6%,0,950,0.09%,2200000,7
GDT,45.7,17.2,58.9,45.5,6.7,6782,29%,39%,0.11,13133,0.19%,14899800,681
DAR,11.2,0,18.2,3.3,0,0,3%,9%,0,30,0%,6500000,73
DAS,4,12.1,4,2.2,0,0,2%,3%,0,11,0%,4200000,17
DAT,20.9,12.5,36,17,36.2,577,2%,5%,1.58,90,0%,43814920,916
DBC,21.4,30.2,30.2,20.9,8.9,2416,3%,8%,0.47,37807,0.15%,82818465,1772
DBD,49.2,15.9,55.9,35.4,15.7,3138,11%,20%,0,46440,0.24%,52379000,2577
DBH,10,0,10,5.9,0,0,2%,3%,0,48,0%,2200000,22
DBM,29,17.7,32.7,15.6,12.5,2313,7%,12%,0,56,0.01%,2912382,56
DBT,14.5,20.0,16.8,13.2,7.1,2056,4%,11%,0.06,8614,0.15%,12314494,179
DBW,10,10.0,10,10,370.4,27,0%,0%,0,0,0%,39320100,393
DC1,13.1,7.3,16.3,11.5,7.7,1698,10%,55%,0,289,0.04%,1500000,20
DC2,7,12.5,12.8,5.2,5.6,1252,3%,10%,0.66,989,0.08%,2520000,18
DC4,10.8,6.3,12,6.5,21.7,498,2%,8%,0.32,1756,0.07%,14055756,60
DCD,9,10.8,12.5,6.7,37.5,240,4%,5%,0,123,0%,11294323,102
HII,27.3,22.5,38.1,13,6.7,4071,6%,20%,0.15,118752,1.92%,13600000,371
HJC,3,9.2,5.7,2.9,0.9,3360,15%,37%,0,0,0%,12853052,39
HJS,23,13.8,27,15.3,12.3,1870,9%,14%,0.44,5068,0.06%,20999900,483
HKB,2.1,10.2,6.9,2.1,1.6,1277,9%,12%,2.22,436421,2.32%,51599999,108
IMP,62.9,32.5,71.0,53.0,23,2731,7%,8%,0.07,16621,0.10%,42978151,2703
IN4,70,22.1,76.8,46.2,44.8,1564,8%,26%,0,6,0%,1200000,84
INC,13.2,14.9,14.6,5,12.8,1030,5%,7%,0.15,79,0.01%,1800000,24
INN,61,32.2,79,56.1,9.1,6734,13%,21%,0.23,8492,0.17%,10800000,659
IPA,16,18.7,25,8.3,6.7,2386,7%,13%,0,3452,0.01%,89098248,1426
CVC,10.5,0,10.5,10.5,0,0,1%,2%,0,0,0%,2200000,23
CVH,12.6,0,12.6,12.6,0,0,8%,10%,0,0,0%,1280000,16
CVN,7.4,23.3,8,2.5,6.2,1188,3%,5%,0.07,51463,1.32%,8250000,61
CVT,49.7,19.0,56.8,33.5,8.1,6131,14%,33%,0.19,596904,5.08%,28223903,1403
CX8,10,0,10,7.2,25.7,389,1%,3%,0.19,785,0.08%,2110586,21
CXH,8,0,11,8,0,0,1%,3%,0,30,0%,1639460,13
CYC,1.7,6.5,3.3,1.6,8.8,194,1%,3%,0.76,1597,0.16%,9046425,3
DVH,8.7,8.4,10.8,7.4,6.6,1320,16%,22%,0,0,0%,11000000,96
DVN,17.3,10.7,28.6,14.5,17.8,972,4%,10%,0,1073568,2.44%,237000000,4100
DVP,61.8,24.4,72.8,59.5,8.6,7186,26%,29%,0.06,2311,0.01%,40000000,2472
DXG,36.8,15.4,39.8,15.0,14.9,2477,11%,23%,0.90,4249891,8.88%,303134686,11157
DXL,2.7,11.1,2.7,2.1,0.7,4005,1%,4%,0,1,0%,2957900,8
DXP,14,12.8,15.4,11,15.1,928,7%,7%,0.05,6320,0.06%,25987027,364
DXV,4.1,12.4,5,3.6,6.9,597,4%,5%,0.49,1569,0.03%,9900000,41
DID,4.1,11.4,6.6,4.1,18.9,217,1%,2%,0.04,146,0%,8000000,33
DIG,23.9,11.7,28.5,8.8,65.3,366,2%,3%,0.54,4702419,10.68%,238194819,5693
DIH,12.3,18.0,13.5,9.0,15.1,817,1%,5%,0.45,6224,0.43%,2890842,37
DL1,41.8,10.4,68,4.9,261.2,160,1%,2%,0.02,6060,0.02%,101177353,4229
GDW,14.2,14.9,21.3,11.8,6.3,2266,6%,9%,0,828,0.02%,9500000,135
GEG,13.5,14.3,16.1,10.8,7.9,1710,14%,18%,0,14143,0.05%,97091275,1311
GER,4.1,12.2,9.1,0.9,0,0,5%,9%,0,88,0.01%,2200000,9
GEX,37.8,23.6,39.8,18.8,13,2905,9%,21%,1.06,1396321,3.04%,266800000,10072
GGG,0.6,0,0.8,0.5,0,0,15%,18%,2.77,5405,0.12%,9635456,6
GGS,10,9.3,10,10,3333.3,3,0%,0%,0,0,0%,10200000,102
GHC,35.9,8.3,36.2,27.3,12.8,2800,28%,34%,0,2803,0.03%,41000000,736
DCF,7.2,0,11.7,5.2,0,0,5%,8%,0,1076,0.05%,4880530,35
DCI,12,0,57,11,0,0,2%,4%,0,92,0.01%,2412518,29
DCL,18.2,12.9,25.7,18.2,13.9,1307,6%,10%,0.68,112923,0.56%,56832824,1034
IRC,12.6,0,12.6,12.6,0,0,0%,0%,0,0,0%,0,0
ISG,1.9,36.3,2.9,1.9,0.6,3204,4%,9%,0,741,0.02%,8800000,17
ISH,13,12.1,16.3,9.7,7.9,1647,9%,14%,0,5394,0.03%,45000000,585
IST,16.3,12.4,17.2,11.2,5.6,2897,10%,23%,0,340,0.01%,12008672,196
ITA,2.7,11.0,4.9,2.8,50.7,54,0%,1%,0.64,2611436,4.29%,937883609,2571
ITC,17.5,23.0,17.5,12.7,15.1,1158,2%,5%,0.09,80425,0.35%,68646328,1209
ITD,10.8,14.3,25.5,9.8,7.6,1414,10%,15%,0.31,57168,0.68%,22875876,205
CZC,9.1,26.3,10.7,5.8,7.4,1237,1%,3%,0,4,0%,5602590,51
DZM,2.9,12.8,9.7,2.5,0.7,4432,12%,35%,0.13,3127,0.12%,5395985,16
E1SSHN30,10,0,10,10,0,0,0%,0%,0,0,0%,10100000,101
E1VFVN30,18.7,0,19.3,10.9,68.6,273,0%,0%,0.90,380449,4.03%,21800000,408
EAD,26.5,0,26.5,11.4,0,0,4%,16%,0,77,0.01%,2877800,76
EBS,11.5,12.7,12.1,8.6,9.6,1204,3%,4%,0.01,5209,0.11%,9938784,118
ECI,12.6,16.7,13.9,11.7,8.1,1554,8%,9%,0.13,10,0%,1860000,23
GIL,45.8,44.0,48.9,29.2,4.1,11146,10%,25%,0.35,82589,1.30%,12674588,638
GKM,12.6,14.3,16.6,11,24,525,5%,11%,0.46,45739,2.10%,13500000,57
EFI,3.4,12.9,9.9,3.3,5.6,610,3%,3%,0.11,24937,0.49%,10180800,37
EIB,14.8,11.5,16.2,11.0,22.1,666,1%,6%,0.80,883497,1.41%,1235522904,18224
EIC,8.1,10.3,9,7,225,36,0%,0%,0,253,0%,36677145,297
EID,12.9,16.4,16.7,12.5,5.2,2492,9%,15%,0.24,7019,0.10%,15000000,193
EIN,3.1,10.5,7.2,2.1,45.6,68,0%,1%,0,725,0.01%,30407161,94
ELC,11.6,15.6,22.8,12.3,13.1,887,4%,6%,0.20,93829,0.50%,50928243,591
EMC,15.4,10.6,23.8,11.4,73.7,209,1%,2%,1.01,79896,1.51%,11473000,177
EME,20.9,0,28,8,0,0,2%,4%,0,6418,0.35%,3780298,79
EMG,17.8,0,17.8,15.2,0,0,19%,22%,0,11,0%,3000000,53
GLT,65.3,10.8,77.3,36.5,17.5,3726,16%,27%,0.70,540,0.01%,9216696,603
GLW,13.2,0,13.2,13.2,0,0,0%,0%,0,0,0%,18000000,238
GMC,25.6,19.2,29.5,23.7,5.8,4417,7%,23%,0.19,9412,0.13%,15506360,398
GMD,28.8,24.6,37.4,25.6,16.4,1748,5%,8%,0.63,1099699,2.34%,288276957,8288
GMX,25,14.9,37.4,21.8,6.4,3905,19%,26%,0.82,508,0.02%,5320694,133
GND,20.2,0,42,12.7,0,0,16%,30%,0,575,0.01%,9000000,182
